city_or_county,state_abr,population,n_injured,n_rpts,n_killed
Aberdeen,MD,15580,10,20,6
Aberdeen,SD,28102,8,28,2
Aberdeen,WA,16276,3,5,1
Abilene,TX,121721,48,134,25
Abington,MA,15985,2,3,0
Acworth,GA,22131,11,18,9
Ada,OK,17303,7,16,5
Addison,IL,37208,1,2,2
Addison,TX,15518,1,2,1
Adelanto,CA,33166,1,14,4
Adelphi,MD,15086,1,1,0
Adrian,MI,20691,5,13,2
Affton,MO,20307,0,3,2
Agawam,MA,28761,1,4,0
Agoura Hills,CA,20915,0,2,0
Aiken,SC,30604,82,244,25
Akron,OH,197542,196,385,101
Alabaster,AL,32707,1,4,1
Alameda,CA,78630,6,18,4
Alamo,TX,19246,1,2,0
Alamogordo,NM,30753,6,15,8
Albany,GA,74843,101,216,41
Albany,NY,98469,117,203,14
Albany,OR,52175,4,48,7
Albemarle,NC,16003,14,23,9
Albert Lea,MN,17674,3,51,2
Albertville,AL,21462,10,18,3
Albuquerque,NM,559121,288,739,233
Alexandria,LA,47889,34,96,30
Alexandria,VA,153511,47,84,18
Algonquin,IL,30571,1,2,0
Alhambra,CA,85551,2,9,3
Alice,TX,19408,4,12,3
Aliso Viejo,CA,50195,2,6,2
Allapattah,FL,54289,4,2,1
Allen,TX,98143,7,7,2
Allen Park,MI,27425,0,7,1
Allendale,MI,17579,1,1,0
Allentown,PA,120207,110,203,44
Alliance,OH,22055,2,16,2
Allison Park,PA,21552,0,1,2
Aloha,OR,49425,0,2,0
Alpharetta,GA,63693,1,18,4
Alsip,IL,19346,2,3,3
Altadena,CA,42777,5,15,3
Altamonte Springs,FL,43159,19,35,14
Alton,IL,27003,25,66,9
Alton,TX,15760,0,1,0
Altoona,IA,16984,1,3,0
Altoona,PA,45344,3,30,3
Altus,OK,19214,15,37,4
Alvin,TX,25791,7,40,7
Amarillo,TX,198645,115,315,44
American Canyon,CA,20554,1,5,0
American Fork,UT,28326,3,6,3
Americus,GA,16028,17,23,12
Ames,IA,65060,9,19,4
Amesbury,MA,18313,0,3,1
Amherst,MA,39833,5,8,1
Amherst,NY,122366,1,7,0
Amsterdam,NY,18008,1,9,2
Anaheim,CA,350742,34,69,30
Anchorage,AK,298695,190,469,108
Anderson,IN,55305,17,46,10
Anderson,SC,27335,102,172,41
Andover,MN,32213,0,2,3
Angleton,TX,19429,1,1,0
Ankeny,IA,56764,2,5,1
Ann Arbor,MI,117070,12,54,6
Annandale,VA,41008,4,6,2
Annapolis,MD,39474,54,178,20
Anniston,AL,22347,40,62,35
Anoka,MN,17350,2,2,0
Ansonia,CT,18854,11,21,0
Antelope,CA,45770,1,7,4
Antioch,CA,110542,78,140,45
Apache Junction,AZ,38074,12,13,4
Apex,NC,45585,2,6,4
Apopka,FL,48382,35,65,20
Apple Valley,CA,72174,11,38,9
Apple Valley,MN,51221,0,1,1
Appleton,WI,74139,7,29,7
Arcadia,CA,58408,7,17,6
Arcata,CA,17843,6,30,2
Ardmore,OK,25176,20,36,10
Arlington,MA,42844,3,5,0
Arlington,TX,388125,88,146,78
Arlington,VA,207627,6,63,10
Arlington,WA,18949,4,11,4
Arlington Heights,IL,75926,5,11,1
Arnold,MO,21357,3,11,4
Arroyo Grande,CA,18108,2,3,0
Artesia,CA,16961,6,9,5
Arvada,CO,115368,4,22,12
Arvin,CA,20876,10,17,8
Asbury Park,NJ,15818,28,36,7
Ashburn,VA,43511,2,10,3
Asheboro,NC,26103,18,36,6
Asheville,NC,88512,64,142,25
Ashland,KY,21108,4,15,2
Ashland,MA,15802,0,3,0
Ashland,OH,20317,1,1,0
Ashland,OR,20861,1,13,2
Ashtabula,OH,18371,13,48,7
Astoria,NY,150165,2,6,3
Atascadero,CA,29819,1,2,0
Atascocita,TX,65844,2,1,0
Athens,AL,24966,27,57,10
Athens,GA,116714,72,368,21
Athens,OH,25044,2,7,1
Atlanta,GA,463878,684,1357,377
Atlantic City,NJ,39260,118,243,29
Attleboro,MA,44284,2,13,1
Atwater,CA,29237,13,48,7
Auburn,AL,62059,20,50,19
Auburn,MA,16724,3,7,2
Auburn,ME,22871,3,9,0
Auburn,NY,26985,2,14,1
Auburn,WA,77006,15,34,21
Auburn Hills,MI,22672,3,7,0
Auburndale,FL,15035,2,9,4
Augusta,GA,43459,164,328,73
Augusta,ME,18471,5,28,3
Aurora,CO,359407,81,166,70
Aurora,IL,200661,85,191,29
Aurora,OH,15838,0,2,0
Austin,MN,24563,8,46,1
Austin,TX,931830,196,530,129
Austintown,OH,29677,1,1,0
Avenel,NJ,17011,1,2,2
Aventura,FL,37649,1,4,2
Avon,IN,16451,3,8,1
Avon,OH,22544,1,6,4
Avon Lake,OH,23453,2,4,0
Avondale,AZ,80684,14,29,19
Azusa,CA,49690,23,29,9
Bainbridge Island,WA,23840,1,2,1
Bakersfield,CA,373640,305,605,153
Balch Springs,TX,25210,4,6,3
Baldwin,NY,24033,5,12,2
Baldwin Park,CA,77071,15,22,8
Ballwin,MO,30577,3,5,2
Baltimore,MD,621849,2427,3943,1055
Bangor,ME,32391,2,26,4
Banning,CA,30945,13,14,8
Barberton,OH,26234,9,9,5
Barnstable,MA,47821,2,18,1
Barrington,RI,16669,1,3,0
Barstow,CA,23692,7,17,3
Bartlesville,OK,36595,7,27,8
Bartlett,IL,41545,0,1,0
Bartlett,TN,58579,2,6,0
Bartow,FL,18972,7,16,5
Batavia,IL,26495,1,1,0
Batavia,NY,15010,2,9,0
Baton Rouge,LA,228590,471,868,339
Battle Creek,MI,51589,69,175,20
Battle Ground,WA,19407,2,5,1
Bay City,MI,33917,10,57,6
Bay City,TX,17598,2,7,3
Bay Point,CA,21534,6,5,2
Bay Shore,NY,26337,7,16,4
Bay Village,OH,15402,4,5,0
Bayonne,NJ,66311,13,19,0
Bayside,CA,17132,0,1,0
Bayside,NY,66455,2,3,1
Baytown,TX,76335,31,47,23
Bayville,NJ,20512,0,1,0
Bear,DE,19371,13,34,6
Beaumont,CA,43811,1,8,3
Beaumont,TX,118129,59,132,54
Beaver Dam,WI,16564,2,11,2
Beavercreek,OH,46277,0,4,2
Beaverton,OR,96577,8,25,10
Beckley,WV,17056,37,68,9
Bedford,NH,21188,1,5,3
Bedford,TX,49337,0,4,3
Bell,CA,36205,3,8,5
Bell Gardens,CA,43106,2,11,4
Bella Vista,AR,27999,1,4,0
Bellaire,TX,18518,3,7,2
Belle Glade,FL,18251,48,47,16
Belleville,IL,42034,19,69,8
Belleville,NJ,36878,4,15,4
Bellevue,NE,55510,2,14,2
Bellevue,WA,139820,3,14,2
Bellflower,CA,78441,14,22,14
Bellingham,WA,85146,8,37,10
Bellmore,NY,16218,1,2,0
Bellwood,IL,19308,7,6,4
Belmont,CA,27218,3,4,1
Beloit,WI,36891,40,97,16
Belton,MO,23168,3,6,4
Belton,TX,20547,4,19,9
Belvidere,IL,25132,2,11,1
Benbrook,TX,22629,0,2,2
Bend,OR,87014,7,15,5
Benicia,CA,28167,4,5,0
Bensenville,IL,18440,0,1,1
Benton,AR,34177,8,44,4
Bentonville,AR,44499,2,29,1
Berea,OH,18874,0,6,0
Bergenfield,NJ,27621,0,5,2
Berkeley,CA,120972,32,72,6
Berwyn,IL,56368,3,6,3
Bessemer,AL,26730,63,94,38
Bethany,OK,19589,3,8,3
Bethel Park,PA,32118,0,1,0
Bethesda,MD,60858,3,3,3
Bethlehem,PA,74892,24,61,6
Bethpage,NY,16429,0,3,0
Bettendorf,IA,35505,1,10,1
Beverly,MA,41186,0,5,2
Beverly Hills,CA,34869,2,6,2
Biddeford,ME,21282,2,9,3
Big Spring,TX,28862,7,15,7
Billerica,MA,39904,2,3,1
Billings,MT,110263,30,131,19
Biloxi,MS,45637,27,64,14
Binghamton,NY,46032,19,60,10
Birmingham,AL,212461,626,976,364
Birmingham,MI,20857,0,2,0
Bismarck,ND,71167,17,96,9
Bixby,OK,24657,0,3,1
Blacksburg,VA,44215,1,4,0
Blaine,MN,62124,2,4,0
Bloomfield,NJ,49120,6,18,5
Bloomingdale,IL,22254,0,2,3
Bloomington,CA,23851,2,8,8
Bloomington,IL,78292,18,56,3
Bloomington,IN,84067,18,44,7
Bloomington,MN,86435,2,4,0
Blue Island,IL,23652,2,4,3
Blue Springs,MO,54148,4,17,9
Bluffton,SC,16728,15,75,4
Blythe,CA,19208,2,4,0
Boardman,OH,35376,1,1,0
Boca Raton,FL,93235,18,68,11
Boise,ID,145987,14,110,23
Bolingbrook,IL,74306,5,18,3
Bon Air,VA,16366,0,1,0
Bonita Springs,FL,51704,4,14,1
Bonney Lake,WA,19903,3,9,5
Boone,NC,18156,4,12,1
Bossier City,LA,68094,34,88,18
Boston,MA,667137,586,1734,175
Bothell,WA,42939,0,3,1
Boulder,CO,107349,7,35,9
Boulder City,NV,15551,1,3,1
Bountiful,UT,43784,2,7,0
Bourbonnais,IL,18569,2,4,0
Bowie,MD,58025,5,23,10
Bowling Green,KY,63616,32,79,11
Bowling Green,OH,31246,4,10,0
Boyle Heights,CA,92785,4,12,6
Boynton Beach,FL,73966,65,199,38
Bozeman,MT,43405,3,21,6
Bradenton,FL,54437,88,201,55
Bradley,IL,15617,2,4,0
Braintree,MA,37297,2,15,2
Brandon,FL,103483,6,32,11
Brandon,MS,23529,8,16,5
Branford,CT,29438,1,7,1
Brawley,CA,25897,1,5,2
Brea,CA,41944,0,6,2
Bremerton,WA,39520,7,15,5
Brenham,TX,16579,1,5,2
Brentwood,CA,58968,6,13,3
Brentwood,NY,60664,8,16,2
Brentwood,TN,41763,3,4,0
Bridgeport,CT,147629,358,630,56
Bridgeton,NJ,25031,39,100,20
Bridgeview,IL,16407,5,7,4
Bridgewater,NJ,44464,2,5,0
Brighton,CO,37585,8,15,3
Bristol,CT,60452,19,40,3
Bristol,RI,22795,1,1,0
Bristol,TN,26666,8,17,8
Bristol,VA,17141,3,14,4
Broadview Heights,OH,19229,1,1,0
Brockton,MA,95314,105,432,17
Broken Arrow,OK,106563,10,41,15
Brookfield,IL,18944,1,2,1
Brookfield,WI,38025,6,12,1
Brookhaven,GA,51910,1,14,1
Brookings,SD,23657,2,4,0
Brookline,MA,58732,4,4,1
Brooklyn,NY,2300664,979,1405,377
Brooklyn Center,MN,30770,3,7,0
Brooklyn Park,MN,79149,1,4,0
Broomfield,CO,65065,2,8,3
Brownsburg,IN,24996,4,9,4
Brownsville,FL,15313,0,1,0
Brownsville,TX,183887,16,35,13
Brownwood,TX,19031,1,12,5
Brunswick,GA,16157,41,84,21
Brunswick,ME,15175,3,13,0
Brunswick,OH,34689,0,2,2
Bryan,TX,82118,23,68,19
Bryant,AR,19986,0,4,0
Buckeye,AZ,50876,5,16,10
Buena Park,CA,83270,5,6,2
Buffalo,MN,16026,0,2,1
Buffalo,NY,258071,577,954,156
Buffalo Grove,IL,41496,0,1,0
Bullhead City,AZ,39445,2,7,3
Burbank,CA,105319,10,38,10
Burbank,IL,29128,2,4,2
Burien,WA,50467,1,2,0
Burke,VA,41055,0,1,0
Burleson,TX,43625,4,4,1
Burlington,IA,25410,22,57,11
Burlington,KY,15926,1,3,2
Burlington,MA,24498,1,2,1
Burlington,NC,52472,77,190,16
Burlington,VT,42452,8,50,5
Burnsville,MN,61481,2,8,4
Burton,MI,28788,3,9,1
Butte,MT,34190,15,71,8
Cabot,AR,25587,2,5,1
Calabasas,CA,23058,1,4,0
Caldwell,ID,51686,13,36,6
Caledonia,WI,24684,0,5,1
Calexico,CA,40053,1,8,1
Calhoun,GA,16309,3,11,5
Calumet City,IL,37031,25,29,22
Camarillo,CA,67608,1,9,5
Camas,WA,21846,5,5,0
Cambridge,MA,110402,14,35,7
Camden,NJ,76119,80,253,124
Cameron Park,CA,18228,1,1,0
Campbell,CA,41117,4,8,0
Canby,OR,17271,0,7,1
Canoga Park,CA,60578,2,2,2
Canton,GA,25469,7,14,8
Canton,MA,21679,1,8,0
Canton,MI,86825,1,5,0
Canton,OH,71885,82,212,49
Cantonment,FL,26493,4,14,6
Canyon Lake,TX,21262,0,1,0
Cape Coral,FL,175229,32,112,17
Cape Girardeau,MO,39462,59,143,24
Carbondale,IL,26399,31,81,6
Carlisle,PA,19143,14,63,4
Carlsbad,CA,113453,2,8,5
Carlsbad,NM,28957,16,38,11
Carmel,IN,88713,0,5,2
Carmichael,CA,61762,2,9,6
Carpentersville,IL,38512,2,7,1
Carrboro,NC,21156,1,4,0
Carrollton,GA,26203,5,13,9
Carrollton,TX,133168,4,10,6
Carrollwood,FL,33365,0,1,0
Carson,CA,93281,11,36,25
Carson City,NV,54521,6,28,6
Carteret,NJ,24170,2,4,2
Cartersville,GA,20319,12,28,6
Cary,NC,159769,5,20,7
Casa Grande,AZ,51460,6,16,9
Casper,WY,60285,11,239,13
Casselberry,FL,27056,6,15,3
Castaic,CA,19015,1,6,2
Castle Rock,CO,55591,4,10,2
Castro Valley,CA,61388,2,10,3
Cathedral City,CA,53826,22,39,8
Catonsville,MD,41567,13,22,9
Cedar City,UT,30184,2,13,2
Cedar Falls,IA,41255,1,19,2
Cedar Hill,TX,48507,11,12,7
Cedar Park,TX,65945,2,7,2
Cedar Rapids,IA,130405,83,239,27
Centennial,CO,109741,1,1,0
Center Point,AL,16655,4,8,2
Centereach,NY,31578,1,2,0
Centerville,UT,16877,1,6,2
Central,LA,28295,0,1,1
Central Falls,RI,19303,13,28,2
Central Islip,NY,34450,9,19,3
Central Point,OR,17995,7,22,4
Centralia,WA,16753,2,10,3
Centreville,VA,71135,1,4,1
Ceres,CA,47963,11,20,4
Cerritos,CA,49975,2,7,4
Chalmette,LA,16751,4,25,6
Chambersburg,PA,20691,8,33,4
Chamblee,GA,28244,2,4,2
Champaign,IL,86096,81,213,26
Chandler,AZ,260828,16,38,16
Chanhassen,MN,25332,0,1,0
Channelview,TX,38289,14,14,9
Chantilly,VA,23039,3,8,0
Chapel Hill,NC,59568,9,26,7
Charleston,IL,21196,3,11,1
Charleston,SC,132609,90,217,63
Charleston,WV,49736,137,271,37
Charlotte,NC,827097,803,1282,272
Charlottesville,VA,46597,23,76,13
Chaska,MN,25199,2,3,0
Chatsworth,CA,41255,0,6,3
Chattanooga,TN,176588,529,659,112
Cheektowaga,NY,75178,0,7,1
Chelmsford,MA,33925,2,7,0
Chelsea,MA,39398,19,23,7
Cherry Hill,NJ,70475,3,7,1
Chesapeake,VA,235429,83,137,43
Cheshire,CT,29443,1,6,2
Chester,PA,34092,144,171,62
Chester,VA,20987,2,6,4
Chesterfield,MO,47864,5,4,0
Cheyenne,WY,63335,17,66,18
Chicago,IL,2720546,10427,10814,2104
Chicago Heights,IL,30284,13,18,10
Chickasha,OK,16488,13,29,9
Chico,CA,90316,42,121,7
Chicopee,MA,56741,15,58,4
Chillicothe,OH,21727,6,27,4
Chillum,MD,33513,0,1,1
Chino,CA,85595,5,11,5
Chino Hills,CA,78309,1,4,1
Chowchilla,CA,18510,2,5,2
Christiansburg,VA,21943,2,9,6
Chula Vista,CA,265757,15,35,14
Cibolo,TX,26637,0,1,0
Cicero,IL,83886,7,13,5
Cincinnati,OH,296943,792,1108,254
Citrus Heights,CA,87056,10,30,14
Claremont,CA,36283,2,2,0
Claremore,OK,18997,2,20,8
Clarksburg,WV,16152,9,33,9
Clarksdale,MS,16847,13,23,17
Clarksville,IN,21866,5,15,0
Clarksville,TN,149176,93,178,54
Clayton,MO,15884,0,2,1
Clayton,NC,19304,3,13,5
Clearfield,UT,30653,0,1,1
Clearlake,CA,15182,2,10,2
Clearwater,FL,113003,28,71,25
Cleburne,TX,30020,4,4,2
Clemmons,NC,19844,0,2,3
Clemson,SC,15446,2,7,1
Clermont,FL,32390,13,40,7
Cleveland,OH,388072,1188,1709,473
Cleveland,TN,43898,12,40,17
Cleveland Heights,OH,44962,6,23,2
Cliffside Park,NJ,24857,1,2,0
Clifton,CO,19889,5,25,5
Clifton,NJ,86334,3,25,2
Clinton,IA,26064,10,17,1
Clinton,MD,35970,11,15,7
Clinton,MS,25254,5,15,1
Clinton Township,MI,99753,5,18,5
Clive,IA,15447,3,3,2
Clovis,CA,104180,5,24,7
Clovis,NM,39480,14,36,6
Coachella,CA,44635,20,54,11
Coalinga,CA,16564,4,6,2
Cockeysville,MD,20776,1,3,1
Cocoa,FL,17711,45,69,23
Coconut Creek,FL,59302,2,2,0
Cohoes,NY,16538,1,4,0
Colchester,VT,16986,2,9,0
College Park,MD,32301,5,11,7
College Point,NY,27307,0,2,0
College Station,TX,107889,17,68,5
Colleyville,TX,25487,1,5,0
Collierville,TN,48863,5,10,1
Collinsville,IL,24754,4,21,4
Colonial Heights,VA,17820,8,17,3
Colorado Springs,CO,456568,294,763,122
Colton,CA,54621,10,19,11
Columbia,MD,99615,10,22,6
Columbia,MO,119108,143,496,26
Columbia,SC,133803,306,526,138
Columbia,TN,36800,14,27,7
Columbia Heights,MN,19715,2,3,0
Columbus,GA,200579,387,816,110
Columbus,IN,46690,8,33,11
Columbus,MS,23168,44,97,24
Columbus,NE,22797,1,17,3
Columbus,OH,850106,878,1282,415
Commack,NY,36124,0,3,1
Commerce City,CO,53696,15,27,7
Compton,CA,98462,56,109,86
Concord,CA,128667,23,60,12
Concord,MA,16810,0,1,0
Concord,NC,87696,13,50,14
Concord,NH,42620,2,22,1
Conroe,TX,68602,8,31,18
Converse,TX,21987,15,21,13
Conway,AR,64980,18,38,11
Conway,SC,21053,59,130,21
Conyers,GA,15875,9,32,10
Cookeville,TN,32113,6,15,8
Coon Rapids,MN,62240,0,4,0
Cooper City,FL,35364,0,2,0
Coos Bay,OR,16182,1,8,4
Copiague,NY,22993,5,8,1
Coppell,TX,41159,2,3,0
Copperas Cove,TX,33081,8,46,4
Coral Gables,FL,51117,7,14,5
Coral Springs,FL,129485,4,16,6
Coralville,IA,20608,4,8,1
Coram,NY,39113,7,10,2
Corcoran,CA,22477,2,8,2
Cornelius,NC,28092,3,9,3
Corona,CA,164226,4,20,7
Corpus Christi,TX,324074,190,584,79
Corsicana,TX,23952,3,7,4
Cortland,NY,18907,0,5,1
Corvallis,OR,55780,4,19,5
Costa Mesa,CA,113204,4,12,1
Cottage Grove,MN,35918,1,6,1
Cottonwood Heights,UT,34343,0,2,0
Council Bluffs,IA,62597,27,76,6
Country Club Hills,IL,16795,5,9,4
Coventry,RI,35525,2,12,0
Covina,CA,48984,5,19,8
Covington,KY,40997,27,39,15
Cranberry Township,PA,28098,1,1,0
Cranford,NJ,22627,0,1,0
Cranston,RI,81073,10,47,1
Crawfordsville,IN,16024,1,2,0
Crest Hill,IL,21153,0,4,0
Crestview,FL,23270,23,51,7
Creve Coeur,MO,18276,0,2,1
Crofton,MD,27348,2,5,0
Crown Point,IN,28879,1,11,4
Crystal,MN,22943,1,1,0
Crystal Lake,IL,40448,4,12,3
Cudahy,CA,24311,0,1,1
Cudahy,WI,18353,3,7,4
Cullman,AL,15350,4,15,6
Culpeper,VA,17557,5,14,12
Culver City,CA,39717,1,2,0
Cumberland,MD,20130,5,17,3
Cupertino,CA,60572,2,5,1
Cuyahoga Falls,OH,49146,1,7,3
Cypress,CA,49290,2,2,0
Cypress,TX,46025,28,27,26
Dale City,VA,65969,1,6,0
Dallas,OR,15277,3,6,1
Dallas,TX,1300092,515,1152,465
Dalton,GA,33853,8,23,9
Daly City,CA,106562,6,9,3
Damascus,MD,15257,0,2,2
Dana Point,CA,34181,2,5,0
Danbury,CT,84657,3,21,3
Dania Beach,FL,31446,5,8,3
Danvers,MA,26493,2,1,0
Danville,CA,44400,1,6,3
Danville,IL,32108,58,102,26
Danville,KY,16690,6,16,2
Danville,VA,42082,93,151,39
Daphne,AL,24896,4,8,2
Darien,CT,20732,0,4,0
Darien,IL,22256,2,5,0
Davenport,IA,102582,95,317,29
Davie,FL,100882,4,8,2
Davis,CA,67666,0,9,3
Dayton,OH,140599,489,1016,137
Daytona Beach,FL,64736,94,177,28
De Pere,WI,24724,0,4,1
DeSoto,TX,52486,0,1,0
Dearborn,MI,95171,14,37,8
Dearborn Heights,MI,56145,3,22,5
Decatur,AL,55437,47,97,23
Decatur,GA,21957,103,147,82
Decatur,IL,73254,76,140,23
Dedham,MA,24729,2,4,0
Deer Park,NY,27745,8,15,2
Deer Park,TX,33806,0,5,1
Deerfield,IL,19019,0,3,1
Deerfield Beach,FL,79768,2,21,9
Defiance,OH,16776,2,6,4
Del City,OK,22022,4,4,1
Del Rio,TX,36153,4,23,8
Delano,CA,52733,10,33,20
Delaware,OH,37995,3,6,3
Delray Beach,FL,66255,24,86,23
Deltona,FL,88474,37,80,19
Denison,TX,23150,2,5,2
Denton,TX,131044,17,28,13
Denver,CO,682545,319,690,208
Depew,NY,15146,0,3,0
Derby,KS,23509,4,8,2
Derry,NH,22015,1,11,2
Des Moines,IA,210330,229,526,55
Des Moines,WA,31221,1,2,1
Des Plaines,IL,58677,1,15,4
Desert Hot Springs,CA,28335,39,74,20
Detroit,MI,677116,1025,1832,603
Diamond Bar,CA,56897,0,1,0
Dickinson,ND,23765,16,46,5
Dickinson,TX,19895,4,11,4
Dickson,TN,15359,2,8,3
Dinuba,CA,23702,2,4,3
Dixon,CA,19390,1,4,1
Dixon,IL,15319,1,5,2
Dodge City,KS,27912,2,6,6
Dolton,IL,23197,26,33,19
Donna,TX,16523,2,7,8
Doral,FL,56035,0,2,0
Dothan,AL,68567,48,84,16
Douglas,AZ,16592,3,5,0
Douglasville,GA,32897,15,22,16
Dover,DE,37522,92,277,22
Dover,NH,30880,3,19,4
Dover,NJ,18346,1,6,0
Downers Grove,IL,49732,1,5,0
Downey,CA,114219,12,16,10
Dracut,MA,28831,0,5,1
Draper,UT,46774,2,8,3
Drexel Hill,PA,28043,1,8,2
Duarte,CA,21990,9,17,8
Dublin,CA,57721,0,4,2
Dublin,GA,16197,6,13,9
Dublin,OH,45098,5,10,4
Dubuque,IA,58799,23,60,3
Duluth,GA,29193,8,16,10
Duluth,MN,86110,18,65,5
Dumas,TX,15001,1,1,1
Duncan,OK,23231,1,5,6
Duncanville,TX,39826,4,9,4
Dundalk,MD,63597,25,29,5
Dunedin,FL,36164,1,5,1
Dunwoody,GA,48733,0,5,0
Durango,CO,18006,1,8,4
Durant,OK,17286,4,8,0
Durham,NC,257636,390,517,129
Dyer,IN,16051,2,6,2
Dyersburg,TN,16781,30,40,2
Eagan,MN,66286,2,3,1
Eagle Mountain,UT,27332,1,8,2
Eagle Pass,TX,28765,0,1,0
Eagle River,AK,24793,6,16,2
Easley,SC,20765,15,35,19
East Brunswick,NJ,48495,0,5,0
East Chicago,IN,28699,57,88,27
East Cleveland,OH,17344,1,4,3
East Elmhurst,NY,23150,0,3,0
East Hartford,CT,51252,6,13,3
East Haven,CT,29257,1,7,2
East Lansing,MI,48471,3,13,3
East Longmeadow,MA,15102,1,4,0
East Los Angeles,CA,126496,0,1,1
East Meadow,NY,38132,0,2,0
East Millcreek,UT,20816,0,1,2
East Moline,IL,21350,6,15,2
East Naples,FL,22951,0,1,1
East Orange,NJ,64949,16,33,20
East Palo Alto,CA,29662,5,4,3
East Peoria,IL,23080,2,7,4
East Point,GA,35467,3,8,2
East Providence,RI,47408,1,4,1
East Ridge,TN,20979,0,2,1
East Saint Louis,IL,27006,44,120,71
East Setauket,NY,17006,1,1,0
Easthampton,MA,16611,0,2,0
Eastlake,OH,18232,1,5,2
Easton,MA,23459,6,15,1
Easton,MD,16617,0,2,1
Easton,PA,26915,19,77,9
Eastpointe,MI,32657,9,10,3
Eastvale,CA,59039,1,1,0
Eau Claire,WI,67778,5,37,8
Eden,NC,15403,15,27,6
Eden Prairie,MN,63496,2,8,2
Edgewater,FL,21566,2,11,4
Edgewood,MD,25562,18,21,8
Edina,MN,50138,0,1,0
Edinburg,TX,84497,10,15,10
Edison,NJ,102548,5,9,0
Edmond,OK,90092,16,38,8
Edmonds,WA,41375,2,14,3
Edwardsville,IL,24992,4,12,0
El Cajon,CA,103679,9,25,11
El Centro,CA,43956,6,12,5
El Cerrito,CA,23549,11,22,4
El Dorado,AR,18386,7,20,15
El Dorado Hills,CA,42108,0,2,1
El Mirage,AZ,33935,5,5,2
El Monte,CA,116732,16,39,21
El Paso,TX,681124,87,220,71
El Reno,OK,18516,1,3,0
El Segundo,CA,17037,3,4,3
Eldersburg,MD,30531,0,3,0
Elgin,IL,112111,28,62,7
Elizabeth,NJ,129007,63,105,28
Elizabeth City,NC,17988,40,61,11
Elizabethtown,KY,29678,5,17,9
Elk Grove,CA,166913,12,27,7
Elk Grove Village,IL,33238,0,3,1
Elk River,MN,23963,0,1,0
Elkhart,IN,52348,59,101,33
Elko,NV,20279,3,23,5
Elkridge,MD,15593,1,4,1
Elkton,MD,15782,7,11,5
Ellensburg,WA,19001,0,4,1
Ellicott City,MD,65834,3,8,6
Elmhurst,IL,45957,3,11,4
Elmhurst,NY,113364,3,3,0
Elmira,NY,28213,25,62,7
Elmont,NY,33198,6,12,0
Elmwood Park,IL,24840,0,2,1
Elmwood Park,NJ,20279,0,4,0
Eloy,AZ,17059,0,2,2
Elyria,OH,53775,27,106,11
Emporia,KS,24649,2,6,3
Encinitas,CA,62930,2,6,1
Encino,CA,44581,2,2,0
Enfield,CT,45212,1,10,1
Englewood,CO,33082,4,24,7
Englewood,NJ,28539,7,22,0
Enid,OK,51776,18,60,6
Ennis,TX,19007,1,6,2
Enterprise,AL,27978,16,27,8
Erie,CO,21420,0,1,1
Erie,PA,99475,89,181,28
Erlanger,KY,18797,6,4,0
Escondido,CA,151451,26,33,11
Essex,MD,39262,13,16,3
Estero,FL,30799,5,6,3
Euclid,OH,47676,11,34,13
Eugene,OR,163460,20,79,15
Euless,TX,54219,2,11,9
Eureka,CA,27017,25,144,14
Eustis,FL,19986,7,29,7
Evans,CO,21383,1,11,6
Evans,GA,29011,2,9,1
Evanston,IL,75527,28,84,8
Evansville,IN,119943,124,332,41
Everett,MA,46050,2,12,5
Everett,WA,108010,52,101,18
Evergreen Park,IL,19841,1,4,1
Ewing,NJ,36559,2,4,0
Fair Lawn,NJ,33597,0,2,3
Fair Oaks,CA,30912,1,5,4
Fairbanks,AK,32325,32,217,36
Fairborn,OH,33452,6,32,3
Fairfax,VA,24013,5,12,3
Fairfield,CA,112970,42,64,19
Fairfield,CT,59052,1,23,3
Fairfield,OH,42767,7,12,9
Fairhaven,MA,16453,0,4,0
Fairhope,AL,18730,2,10,2
Fairmont,WV,18733,10,34,11
Fairview Heights,IL,16827,5,22,5
Fall River,MA,88777,35,135,6
Fallbrook,CA,30534,1,5,1
Far Rockaway,NY,39189,10,21,5
Fargo,ND,118523,10,83,6
Faribault,MN,23650,1,4,4
Farmington,CT,25000,3,6,0
Farmington,MN,22731,1,5,1
Farmington,MO,18181,1,4,0
Farmington,NM,42871,14,37,10
Farmington,UT,22566,1,1,0
Farmington Hills,MI,81330,1,3,0
Fayetteville,AR,82830,21,54,6
Fayetteville,GA,16990,8,13,4
Fayetteville,NC,201963,229,387,116
Federal Way,WA,95171,27,63,29
Ferguson,MO,21059,20,35,5
Ferndale,MI,20177,4,13,0
Fernley,NV,19418,7,10,1
Fillmore,CA,15548,4,5,3
Findlay,OH,41149,4,15,9
Fishers,IN,76794,3,11,2
Fitchburg,MA,40545,15,66,3
Fitchburg,WI,27996,3,9,2
Flagstaff,AZ,70320,11,30,15
Fleming Island,FL,27126,0,2,0
Flint,MI,98310,375,643,166
Florence,AL,40026,28,42,6
Florence,AZ,31110,1,4,2
Florence,KY,32227,6,11,6
Florence,SC,38228,70,128,29
Florissant,MO,52268,21,50,24
Flower Mound,TX,71253,3,9,1
Foley,AL,17218,2,14,4
Folsom,CA,76375,1,3,1
Fontana,CA,207460,17,43,25
Forest Grove,OR,23897,1,4,0
Forest Hills,NY,67714,1,2,0
Forest Lake,MN,19618,1,3,1
Forest Park,GA,19383,4,11,10
Forest Park,OH,18676,1,2,1
Forney,TX,18418,1,5,2
Fort Bragg,NC,29183,0,2,2
Fort Collins,CO,161175,19,48,16
Fort Dodge,IA,24649,13,37,3
Fort Hood,TX,29589,17,6,10
Fort Lauderdale,FL,178590,77,213,59
Fort Lee,NJ,36672,1,8,0
Fort Myers,FL,74013,187,387,87
Fort Pierce,FL,44484,98,235,43
Fort Smith,AR,88194,32,89,19
Fort Thomas,KY,16398,0,1,0
Fort Walton Beach,FL,21817,31,78,14
Fort Washington,MD,23717,3,15,12
Fort Wayne,IN,260326,338,602,144
Fort Worth,TX,833319,256,418,223
Fountain,CO,27767,7,24,8
Fountain Hills,AZ,23899,3,3,2
Fountain Valley,CA,56987,4,8,2
Framingham,MA,68318,10,53,2
Frankfort,IL,18653,0,2,0
Frankfort,IN,16060,2,4,1
Frankfort,KY,27830,16,49,11
Franklin,IN,24598,10,33,4
Franklin,MA,30636,1,2,0
Franklin,TN,72639,4,24,2
Franklin,WI,36222,0,5,1
Franklin Park,IL,18312,1,2,0
Franklin Square,NY,29320,1,2,0
Frederick,MD,69479,23,64,4
Fredericksburg,VA,28118,14,45,12
Frederickson,WA,18719,0,1,1
Freeport,IL,24476,22,64,3
Freeport,NY,43334,6,17,4
Fremont,CA,232206,18,49,9
Fremont,NE,26474,4,6,1
Fremont,OH,16297,6,18,8
Fresh Meadows,NY,28397,1,4,0
Fresno,CA,520052,545,1057,166
Fresno,TX,19069,2,8,6
Fridley,MN,27713,1,4,1
Friendswood,TX,38800,2,21,3
Frisco,TX,154407,4,12,5
Front Royal,VA,15070,0,1,1
Fullerton,CA,140847,10,23,7
Gadsden,AL,36084,31,58,17
Gahanna,OH,34590,2,2,0
Gainesville,FL,130128,60,199,23
Gainesville,GA,38712,25,54,16
Gainesville,TX,16292,3,6,1
Gaithersburg,MD,67456,4,12,9
Galesburg,IL,31273,7,15,5
Gallatin,TN,34334,5,23,5
Gallup,NM,23240,1,4,4
Galt,CA,25303,7,2,2
Galveston,TX,50180,18,47,17
Garden City,KS,27005,1,9,4
Garden City,MI,26920,1,6,1
Garden City,NY,22612,5,7,1
Garden Grove,CA,175393,24,32,6
Gardena,CA,60447,18,23,14
Gardner,KS,20868,2,3,1
Gardner,MA,20333,3,6,0
Garfield,NJ,31802,5,7,0
Garfield Heights,OH,28097,1,4,2
Garland,TX,236897,20,45,25
Garner,NC,28053,5,13,3
Gary,IN,77156,323,492,172
Gastonia,NC,74543,35,84,24
Gatesville,TX,15724,2,4,3
Gautier,MS,18570,6,12,5
Geneva,IL,21806,0,3,1
Georgetown,KY,32356,9,23,5
Georgetown,TX,63716,4,14,4
Germantown,MD,86395,11,14,8
Germantown,TN,39240,1,5,1
Germantown,WI,19993,1,5,0
Gilbert,AZ,247542,9,17,12
Gillette,WY,32649,2,10,3
Gilroy,CA,53231,3,7,4
Gladstone,MO,26861,0,2,2
Glassboro,NJ,19216,2,14,1
Glastonbury,CT,31876,0,6,1
Glen Burnie,MD,67639,20,93,8
Glen Cove,NY,27400,3,6,1
Glen Ellyn,IL,28201,1,4,0
Glendale,AZ,240126,61,118,75
Glendale,CA,201020,2,13,5
Glendale Heights,IL,34208,1,3,3
Glendora,CA,52009,1,9,1
Glenview,IL,47446,0,1,0
Gloucester,MA,29781,1,2,0
Gloversville,NY,15023,1,8,1
Godfrey,IL,17759,2,6,0
Golden,CO,20330,2,7,4
Golden Gate,FL,23961,2,3,0
Goldsboro,NC,35826,89,232,43
Goleta,CA,30944,0,1,2
Goodlettsville,TN,16994,8,14,4
Goodyear,AZ,79003,4,9,4
Goose Creek,SC,40633,22,47,15
Goshen,IN,32983,7,17,5
Graham,WA,23491,3,8,7
Grand Forks,ND,57011,8,35,6
Grand Island,NE,51440,2,16,4
Grand Island,NY,20813,0,1,0
Grand Junction,CO,60358,20,172,15
Grand Prairie,TX,187809,12,30,17
Grand Rapids,MI,195097,215,352,45
Grandview,MO,25256,11,16,5
Grandville,MI,15953,1,3,0
Granger,IN,30465,0,2,2
Granite City,IL,29054,5,25,6
Grants Pass,OR,37088,7,28,11
Grapevine,TX,51404,5,13,1
Grayslake,IL,20915,0,2,1
Great Bend,KS,15717,10,16,2
Great Falls,MT,59638,11,48,7
Great Falls,VA,15427,0,3,2
Great Kills,NY,22000,0,1,0
Greeley,CO,100883,24,66,14
Green Bay,WI,105207,13,63,12
Green Valley,AZ,21391,1,5,3
Greenbelt,MD,24272,4,10,5
Greenburgh,NY,86764,1,1,0
Greeneville,TN,15094,11,54,7
Greenfield,CA,17184,8,18,9
Greenfield,IN,21497,0,8,1
Greenfield,MA,19753,2,15,1
Greenfield,WI,37349,0,4,1
Greensboro,NC,285342,311,522,120
Greenville,MS,32156,32,46,22
Greenville,NC,90597,114,266,23
Greenville,SC,64579,129,291,82
Greenville,TX,26515,2,6,6
Greenwood,IN,55586,18,33,6
Greenwood,MS,15431,20,38,17
Greenwood,SC,23260,28,45,9
Greenwood Village,CO,15663,0,1,0
Greer,SC,28365,11,47,9
Gresham,OR,110553,16,33,10
Gretna,LA,17880,18,34,8
Griffin,GA,23211,9,21,11
Griffith,IN,16378,4,15,3
Grosse Pointe Woods,MI,15762,0,1,0
Grove City,OH,39388,2,11,4
Groves,TX,15750,4,4,0
Guilford,CT,22498,0,2,1
Gulfport,MS,71856,65,170,41
Gurnee,IL,31056,0,4,2
Hacienda Heights,CA,54038,6,12,4
Hackensack,NJ,44834,2,16,5
Hagerstown,MD,40432,23,71,11
Haines City,FL,22807,9,15,6
Hallandale Beach,FL,39488,5,6,2
Haltom City,TX,44206,6,6,1
Ham Lake,MN,16062,0,1,0
Hamden,CT,59847,35,95,5
Hamilton,OH,62407,42,71,32
Hammond,IN,77614,68,120,39
Hammond,LA,20480,23,62,22
Hampton,VA,136454,258,360,67
Hamtramck,MI,22002,5,3,0
Hanahan,SC,17997,6,9,1
Hanford,CA,55659,12,20,3
Hannibal,MO,17839,6,13,1
Hanover,MA,16906,1,1,0
Hanover,MD,38088,2,15,1
Hanover,PA,15496,4,13,1
Hanover Park,IL,38333,1,5,1
Happy Valley,OR,18493,1,1,0
Harker Heights,TX,29142,7,34,10
Harlingen,TX,65774,3,12,1
Harrisburg,PA,49081,187,384,73
Harrison,NJ,15474,5,9,1
Harrison,NY,28348,1,4,4
Harrisonburg,VA,52538,3,13,3
Hartford,CT,124006,267,588,86
Harvey,IL,25194,31,32,16
Harvey,LA,20348,66,99,32
Haslett,MI,19220,1,1,0
Hastings,MN,22554,0,6,3
Hastings,NE,24924,1,8,2
Hattiesburg,MS,46805,72,140,27
Havelock,NC,20364,8,13,4
Haverhill,MA,62765,17,36,3
Hawthorne,CA,88451,17,21,19
Hawthorne,NJ,19074,1,3,0
Hays,KS,21092,1,3,2
Hayward,CA,158289,36,67,31
Hazel Dell,WA,19435,0,1,1
Hazel Park,MI,16597,3,6,0
Hazelwood,MO,25661,12,24,6
Hazleton,PA,24825,35,112,8
Helena,AL,18264,2,4,1
Helena,MT,30581,1,53,9
Hemet,CA,83861,20,48,18
Hempstead,NY,55547,23,56,16
Henderson,KY,28890,19,58,8
Henderson,NC,15271,20,39,21
Henderson,NV,285667,13,53,30
Hendersonville,TN,56018,5,25,7
Hercules,CA,25314,4,5,0
Hereford,TX,15021,2,1,0
Hermiston,OR,17201,5,10,7
Hermitage,PA,16028,3,5,3
Hermosa Beach,CA,19860,1,2,2
Hernando,MS,15503,1,2,1
Herndon,VA,24568,2,5,1
Herriman,UT,30835,3,4,0
Hesperia,CA,93295,12,28,5
Hialeah,FL,237069,23,56,32
Hibbing,MN,16204,2,6,0
Hickory,NC,40374,19,51,24
Hicksville,NY,41547,2,4,0
High Point,NC,110268,71,113,30
Highland,CA,54854,12,25,9
Highland,IN,22936,1,5,0
Highland Park,IL,29743,1,3,1
Highland Village,TX,16149,0,1,0
Highlands Ranch,CO,96713,0,2,4
Hillcrest Heights,MD,16469,1,1,0
Hilliard,OH,33649,2,7,3
Hillsboro,OR,102347,6,28,5
Hillside,NJ,22155,3,14,1
Hilo,HI,43263,5,46,10
Hilton Head,SC,37099,0,8,0
Hilton Head Island,SC,40512,15,72,7
Hinesville,GA,33398,6,17,8
Hobart,IN,28404,6,16,7
Hobbs,NM,38416,11,23,9
Hoboken,NJ,53635,4,12,1
Hoffman Estates,IL,52138,3,5,2
Holiday,FL,22403,5,12,4
Holladay,UT,30864,2,5,0
Holland,MI,33742,6,31,7
Hollister,CA,37462,4,7,2
Holly Springs,NC,31377,4,6,1
Hollywood,CA,167664,7,18,12
Hollywood,FL,149728,25,64,15
Holt,MI,23973,0,1,0
Holtsville,NY,19714,1,1,0
Holyoke,MA,40684,43,127,11
Homer Glen,IL,24395,1,2,2
Homestead,FL,66498,20,29,13
Homewood,AL,25708,0,6,1
Homewood,IL,19373,2,1,0
Honolulu,HI,371657,33,64,12
Hoover,AL,84848,0,8,4
Hope Mills,NC,16163,11,18,9
Hopewell,VA,22378,42,54,12
Hopkins,MN,17591,1,1,0
Hopkinsville,KY,32205,23,120,9
Horn Lake,MS,26915,5,12,8
Hot Springs,AR,35635,14,14,8
Hot Springs National Park,AR,35193,5,8,8
Houma,LA,34287,36,92,26
Houston,TX,2296224,1245,2480,1144
Howard,WI,19250,0,2,0
Howard Beach,NY,26148,0,1,1
Huber Heights,OH,38176,1,5,3
Hudson,OH,22437,0,2,3
Hueytown,AL,15710,0,2,1
Humble,TX,15665,38,41,11
Hunt Valley,MD,23915,1,1,0
Huntersville,NC,52704,3,12,6
Huntington,IN,17095,3,3,2
Huntington,NY,18046,6,13,0
Huntington,WV,48638,113,201,26
Huntington Beach,CA,201899,13,30,11
Huntington Park,CA,59430,2,5,4
Huntington Station,NY,33029,13,17,2
Huntley,IL,26005,2,3,2
Huntsville,AL,190582,264,518,79
Huntsville,TX,40938,14,29,4
Hurricane,UT,15501,1,7,1
Hurst,TX,39016,7,8,7
Hutchinson,KS,41569,7,19,5
Hutto,TX,22722,0,1,1
Hyattsville,MD,18501,21,31,16
Idaho Falls,ID,59184,6,57,6
Immokalee,FL,24154,8,17,1
Imperial,CA,17095,1,5,1
Imperial Beach,CA,27408,1,3,3
Independence,KY,26819,0,4,4
Independence,MO,117255,44,89,34
Indian Trail,NC,37073,2,5,2
Indianapolis,IN,829718,1131,1919,616
Indio,CA,87533,27,65,19
Inglewood,CA,111666,16,46,41
Inkster,MI,24672,19,40,26
Inver Grove Heights,MN,34857,2,6,1
Iowa City,IA,74220,15,67,3
Iron River,MI,2904,0,1,1
Irondequoit,NY,51692,0,2,0
Irvine,CA,256927,1,10,5
Irving,TX,236607,7,70,28
Irvington,NJ,61323,27,50,35
Isla Vista,CA,23096,2,2,0
Islip,NY,18689,1,7,3
Issaquah,WA,36081,2,5,0
Ithaca,NY,30788,8,36,1
Jackson,MI,33133,64,129,16
Jackson,MS,170674,546,844,246
Jackson,NJ,54856,2,8,2
Jackson,TN,66975,156,342,48
Jackson Heights,NY,67067,6,7,0
Jacksonville,AR,28643,10,32,12
Jacksonville,FL,868031,1126,2317,421
Jacksonville,IL,19103,3,11,2
Jacksonville,NC,67357,30,68,20
Jacksonville Beach,FL,23064,5,11,2
Jamaica,NY,216866,52,90,23
Jamestown,ND,15422,3,7,3
Jamestown,NY,30075,13,63,4
Janesville,WI,64123,6,40,2
Jasper,IN,15451,2,6,0
Jefferson City,MO,43169,28,92,11
Jeffersontown,KY,26946,0,1,0
Jeffersonville,IN,46960,15,26,3
Jenison,MI,16538,0,1,0
Jenks,OK,20740,1,3,0
Jersey City,NJ,264290,314,623,77
Johns Creek,GA,83335,1,4,0
Johnson City,TN,66027,23,97,21
Johnston,IA,20871,1,3,1
Johnston,RI,29247,0,8,1
Johnstown,PA,19966,30,69,26
Joliet,IL,147861,91,198,46
Jonesboro,AR,73907,74,251,27
Joplin,MO,51818,28,111,24
Junction City,KS,24621,7,21,9
Juneau,AK,32756,9,97,5
Jupiter,FL,62707,13,29,6
Jurupa Valley,CA,21930,2,2,2
Kahului,HI,26337,0,5,1
Kailua,HI,38635,1,1,0
Kalamazoo,MI,76041,78,178,33
Kalispell,MT,22052,6,23,4
Kaneohe,HI,34597,1,4,1
Kankakee,IL,26676,64,186,18
Kannapolis,NC,46144,15,28,2
Kansas City,KS,151306,130,229,138
Kansas City,MO,475378,747,1152,427
Kapolei,HI,15186,0,2,2
Katy,TX,16158,20,49,37
Kaukauna,WI,15854,0,1,0
Kaysville,UT,30472,0,2,2
Kearney,NE,33021,4,16,0
Kearns,UT,35731,2,3,1
Kearny,NJ,42137,0,3,0
Keene,NH,23265,1,26,1
Keizer,OR,37895,3,12,4
Keller,TX,45758,0,5,2
Kendall,FL,75371,1,3,2
Kenmore,NY,15160,1,3,0
Kenner,LA,67091,33,123,16
Kennesaw,GA,33584,9,23,12
Kennewick,WA,78896,9,54,14
Kenosha,WI,99858,29,50,12
Kent,OH,29810,3,12,5
Kent,WA,126952,34,64,26
Kentwood,MI,51357,0,1,0
Kernersville,NC,23811,6,13,2
Kerrville,TX,23136,2,7,7
Kettering,OH,55525,1,4,0
Key West,FL,25755,10,33,4
Killeen,TX,140806,98,282,75
Kingman,AZ,28912,14,34,13
Kings Park,NY,17282,1,1,0
Kingsport,TN,53014,25,61,7
Kingston,NY,23436,9,41,1
Kingsville,TX,26225,0,2,1
Kinston,NC,21337,107,181,21
Kirkland,WA,87281,1,10,5
Kirksville,MO,17520,2,7,5
Kirkwood,MO,27750,0,2,0
Kissimmee,FL,69152,32,68,25
Klamath Falls,OR,21399,7,28,9
Knoxville,TN,185291,241,387,98
Kokomo,IN,57995,17,50,9
Koreatown,CA,124281,1,2,2
Kuna,ID,17226,3,7,1
Kyle,TX,35733,2,9,3
La Crosse,WI,52306,6,25,1
La Grange,IL,15723,1,3,0
La Habra,CA,62131,6,13,2
La Jolla,CA,42808,0,6,2
La Marque,TX,15908,9,16,11
La Mesa,CA,60089,8,17,4
La Mirada,CA,49520,0,7,4
La Palma,CA,15904,0,2,0
La Porte,IN,21916,1,4,1
La Porte,TX,35148,10,13,3
La Puente,CA,40745,12,24,7
La Quinta,CA,40476,4,11,4
La Vergne,TN,34794,15,28,2
La Verne,CA,32681,3,3,0
La Vista,NE,16921,2,4,1
LaGrange,GA,29588,1,1,0
LaPorte,IN,22053,0,1,0
Lacey,WA,46409,5,14,12
Lackawanna,NY,17965,2,3,0
Laconia,NH,16227,3,22,1
Ladera Ranch,CA,22980,1,1,0
Lafayette,CA,25843,0,1,0
Lafayette,CO,27729,0,3,2
Lafayette,IN,71111,40,156,14
Lafayette,LA,127657,134,242,65
Laguna Beach,CA,23365,1,3,0
Laguna Hills,CA,31748,0,1,1
Laguna Niguel,CA,65806,3,2,0
Laguna Woods,CA,16406,0,1,1
Lake Butler,FL,15400,1,4,7
Lake Charles,LA,76070,56,108,33
Lake Elsinore,CA,61981,4,26,13
Lake Forest,CA,82492,1,1,0
Lake Forest,IL,19408,0,4,3
Lake Havasu City,AZ,53553,7,15,5
Lake Jackson,TX,27533,1,3,1
Lake Mary,FL,16021,2,11,2
Lake Oswego,OR,38496,1,2,1
Lake Ridge,VA,41058,1,3,0
Lake Ronkonkoma,NY,20155,0,2,0
Lake Stevens,WA,30886,8,11,2
Lake Wales,FL,15541,6,17,5
Lake Worth,FL,37498,57,116,25
Lake Zurich,IL,19993,1,2,0
Lakeland,FL,104401,40,87,41
Lakeside,CA,20648,0,3,2
Lakeville,MN,60633,0,2,0
Lakewood,CA,81611,6,10,5
Lakewood,CO,152597,7,6,1
Lakewood,NJ,53805,18,27,6
Lakewood,OH,50656,5,28,5
Lakewood,WA,59829,18,40,12
Lamont,CA,15120,9,20,11
Lancaster,CA,161103,21,56,34
Lancaster,OH,39766,7,47,5
Lancaster,PA,59339,100,276,30
Lancaster,TX,38801,8,11,7
Landover,MD,23078,1,5,3
Lansdale,PA,16512,0,4,7
Lansing,IL,28349,7,12,4
Lansing,MI,115056,116,189,40
Laplace,LA,29872,5,12,6
Laramie,WY,32158,0,2,2
Laredo,TX,255473,44,160,25
Largo,FL,81000,9,29,15
Las Cruces,NM,101643,35,92,30
Las Vegas,NV,623747,709,1342,600
Latham,NY,20736,0,3,3
Lathrop,CA,20866,1,4,3
Lauderdale Lakes,FL,34796,1,6,2
Lauderhill,FL,71579,9,11,3
Laurel,MD,26215,13,44,13
Laurel,MS,18837,19,43,9
Laurel,VA,16713,0,1,0
Laurinburg,NC,15507,23,39,12
Lawndale,CA,33430,4,6,2
Lawrence,IN,47809,5,9,3
Lawrence,KS,93917,38,62,14
Lawrence,MA,80231,30,73,21
Lawrenceville,GA,30493,30,54,32
Lawton,OK,96655,71,121,26
Layton,UT,74143,3,8,4
League City,TX,98312,2,13,7
Leander,TX,37889,2,7,2
Leavenworth,KS,35980,20,50,7
Lebanon,IN,15892,2,4,2
Lebanon,OH,20623,2,6,2
Lebanon,OR,16324,7,31,1
Lebanon,PA,25534,25,75,12
Lebanon,TN,30262,20,38,5
Ledyard,CT,15212,3,9,0
Lee's Summit,MO,95094,1,5,2
Leesburg,FL,21993,27,52,11
Leesburg,VA,51209,4,9,5
Lehi,UT,58486,0,1,0
Lehigh Acres,FL,86784,52,116,28
Leland,NC,17924,2,14,2
Lemon Grove,CA,26709,4,6,2
Lemoore,CA,25647,4,11,3
Lenexa,KS,52490,4,15,5
Lenoir,NC,17888,3,10,3
Leominster,MA,41569,6,19,0
Levittown,NY,51881,0,5,0
Levittown,PA,52983,3,7,4
Lewiston,ID,32544,7,15,1
Lewiston,ME,36202,7,33,1
Lewisville,TX,104039,7,18,5
Lexington,KY,225366,405,851,81
Lexington,MA,31394,0,2,0
Lexington,NC,19326,24,46,12
Lexington,SC,20138,4,19,8
Liberal,KS,20746,6,5,2
Liberty,MO,30450,3,10,5
Libertyville,IL,20436,0,2,1
Lima,OH,37873,22,33,10
Lincoln,CA,46474,1,4,4
Lincoln,NE,277348,78,468,27
Lincoln,RI,21670,2,6,0
Lincoln Park,MI,37012,3,9,2
Lincolnia,VA,22855,1,1,0
Linden,NJ,42021,15,38,3
Lindenhurst,NY,27277,1,3,1
Lindenwold,NJ,17613,4,7,0
Lisle,IL,22964,0,3,1
Lithia Springs,GA,15491,3,11,7
Little Elm,TX,38341,2,4,2
Little Rock,AR,197992,590,924,169
Littleton,CO,46368,6,37,13
Live Oak,CA,17158,0,4,1
Livermore,CA,88126,10,17,5
Livingston,NJ,27853,1,1,0
Livonia,MI,94635,7,9,0
Lochearn,MD,25333,1,1,0
Lockport,IL,25175,3,11,3
Lockport,NY,20624,14,38,1
Lodi,CA,64596,14,33,14
Lodi,NJ,24835,1,4,1
Logan,UT,50371,7,18,7
Logansport,IN,17793,4,8,3
Loma Linda,CA,24045,1,5,0
Lombard,IL,43797,0,2,2
Lomita,CA,20785,1,3,1
Lompoc,CA,44164,4,11,2
Long Beach,CA,474140,207,329,120
Long Beach,MS,15555,3,5,0
Long Beach,NY,33550,6,8,1
Long Branch,NJ,30941,8,15,9
Long Island City,NY,25595,4,7,2
Longmeadow,MA,15784,0,1,0
Longmont,CO,92088,6,25,1
Longview,TX,82287,59,154,52
Longview,WA,36848,8,17,6
Lorain,OH,63647,66,113,22
Lorton,VA,18610,2,4,2
Los Altos,CA,30671,0,1,0
Los Angeles,CA,3971883,553,1066,636
Los Banos,CA,37457,10,20,8
Los Gatos,CA,30705,2,6,1
Los Lunas,NM,15336,10,13,6
Louisville,KY,243639,795,1405,396
Loveland,CO,75182,8,31,11
Loves Park,IL,23455,3,15,2
Lowell,MA,110699,44,158,7
Lubbock,TX,249042,161,306,49
Ludlow,MA,22201,3,7,2
Lufkin,TX,36333,18,70,12
Lumberton,NC,21667,56,108,53
Lutz,FL,19344,2,7,1
Lynbrook,NY,19558,0,5,0
Lynchburg,VA,79812,50,100,20
Lyndhurst,NJ,19996,2,4,1
Lynn,MA,92457,43,274,15
Lynn Haven,FL,20156,0,8,0
Lynnwood,WA,36997,7,23,5
Lynwood,CA,71989,5,22,18
Mableton,GA,37115,3,19,11
Machesney Park,IL,22927,6,9,1
Macomb,IL,18547,0,3,0
Macon,GA,91351,329,483,89
Madera,CA,64208,22,35,15
Madison,AL,46962,25,39,8
Madison,CT,19100,1,2,0
Madison,MS,25799,3,8,4
Madison,WI,248951,126,611,32
Madison Heights,MI,30198,0,6,1
Madisonville,KY,19539,9,25,5
Magna,UT,26505,3,26,11
Mahwah,NJ,24062,0,4,0
Maitland,FL,17463,0,4,1
Malden,MA,61068,2,4,0
Mamaroneck,NY,19375,0,1,0
Manassas,VA,41764,30,43,6
Manassas Park,VA,15726,0,1,0
Manchester,CT,30577,6,22,2
Manchester,NH,110229,53,263,11
Mandan,ND,21382,4,31,4
Manhattan,KS,56308,18,45,3
Manhattan,NY,1487536,85,140,30
Manitowoc,WI,33010,2,11,1
Mankato,MN,41044,8,13,6
Mansfield,MA,23380,0,5,1
Mansfield,OH,46830,19,33,14
Mansfield,TX,64274,4,122,4
Manteca,CA,75448,8,15,5
Maple Grove,MN,68385,1,2,0
Maple Heights,OH,22631,15,23,5
Maple Shade,NJ,19077,1,8,4
Maplewood,MN,40567,2,7,3
Maplewood,NJ,25008,1,5,5
Marana,AZ,41315,0,2,1
Marblehead,MA,19808,0,8,0
Marco Island,FL,17690,0,3,1
Margate,FL,57234,8,8,3
Maricopa,AZ,48602,3,12,8
Marietta,GA,59067,30,69,33
Marina,CA,21229,0,10,1
Mariners Harbor,NY,19905,0,1,1
Marion,IA,37330,3,8,1
Marion,IL,17803,8,21,4
Marion,IN,29081,9,14,7
Marion,OH,36363,5,24,4
Marlboro,NJ,40191,1,1,1
Marlborough,MA,39818,0,8,0
Marquette,MI,21297,1,8,5
Marrero,LA,33141,81,125,35
Marshall,TX,23820,12,49,14
Marshalltown,IA,27620,2,9,3
Marshfield,WI,18620,2,6,0
Martinez,CA,38137,7,12,3
Martinez,GA,35795,0,2,0
Martinsburg,WV,17700,4,23,5
Maryland Heights,MO,27389,3,12,1
Marysville,OH,22817,0,2,0
Marysville,WA,66773,11,35,6
Maryvale,AZ,208189,0,1,1
Maryville,TN,28464,8,20,4
Mason,OH,32662,0,5,1
Mason City,IA,27366,4,21,3
Maspeth,NY,48325,2,2,0
Massapequa,NY,21685,2,4,0
Massillon,OH,32252,7,29,12
Mastic,NY,15481,4,5,0
Matteson,IL,19195,0,3,0
Matthews,NC,30678,6,16,2
Mattoon,IL,18113,4,17,1
Mauldin,SC,25135,2,3,1
Maumelle,AR,17931,1,10,3
Mayfield Heights,OH,18840,0,4,2
Maywood,CA,27888,1,4,4
Maywood,IL,24012,12,24,21
McAllen,TX,140269,0,1,0
McHenry,IL,26657,1,1,0
McKeesport,PA,19453,1,1,0
McKinney,TX,162898,0,1,1
Mechanicsville,VA,36348,2,4,1
Medford,MA,57403,0,3,0
Medford,NY,24142,6,12,3
Medford,OR,79805,13,129,15
Medina,OH,26339,5,15,5
Melbourne,FL,80127,42,91,9
Melrose Park,IL,25379,3,7,5
Melville,NY,18985,0,1,0
Memphis,TN,655770,1690,2384,622
Menasha,WI,17572,1,13,4
Menifee,CA,87174,0,10,5
Menlo Park,CA,33449,1,9,1
Menomonee Falls,WI,36119,2,11,2
Menomonie,WI,16305,1,8,1
Mentor,OH,46901,0,4,1
Mequon,WI,23132,1,2,0
Merced,CA,82436,42,130,29
Mercedes,TX,16657,1,2,0
Mercer Island,WA,25042,0,1,0
Meriden,CT,59988,22,36,1
Meridian,ID,90739,7,24,7
Meridian,MS,39661,167,331,45
Merrick,NY,22097,2,5,0
Merrillville,IN,35224,11,37,15
Merrimack,NH,26726,2,13,2
Merritt Island,FL,34743,4,16,3
Mesa,AZ,471825,50,107,58
Mesquite,NV,17496,0,2,0
Mesquite,TX,144788,22,36,15
Metairie,LA,138481,70,121,29
Methuen,MA,47255,5,20,2
Miami,FL,441003,587,837,325
Miami Beach,FL,92312,30,65,16
Miami Gardens,FL,113187,115,127,45
Miamisburg,OH,20034,3,10,3
Michigan City,IN,31459,19,37,11
Middle River,MD,25191,12,17,6
Middle Village,NY,29491,1,2,1
Middleburg Heights,OH,15696,0,1,1
Middleton,WI,18979,0,4,0
Middletown,CT,46756,3,20,0
Middletown,DE,20372,13,19,1
Middletown,NJ,65490,0,4,1
Middletown,NY,27812,9,23,2
Middletown,OH,48760,46,105,14
Middletown,RI,17303,0,1,1
Midland,MI,42200,2,4,3
Midland,TX,132950,10,50,15
Midlothian,TX,22318,2,2,1
Midvale,UT,32613,13,20,9
Midwest City,OK,57249,3,8,3
Milford,CT,52759,8,45,6
Milford,MA,25055,3,11,2
Mill Creek,WA,20043,2,4,0
Millbrae,CA,22795,2,2,0
Millbrook,AL,15314,7,17,3
Millcreek,UT,62139,2,6,1
Milledgeville,GA,18931,24,63,16
Millville,NJ,28230,48,94,12
Milpitas,CA,77604,1,14,6
Milton,MA,27003,2,7,0
Milwaukee,WI,600155,1570,2487,486
Milwaukie,OR,20830,1,3,1
Mineola,NY,19139,1,2,1
Minneapolis,MN,410939,408,667,149
Minnetonka,MN,51669,3,7,2
Minot,ND,49450,27,87,2
Mint Hill,NC,25627,1,3,0
Miramar,FL,137132,13,19,6
Mishawaka,IN,48261,8,25,9
Mission,TX,83298,2,8,3
Mission Bend,TX,36501,0,1,1
Mission Viejo,CA,97156,0,4,7
Missoula,MT,71022,9,62,12
Missouri City,TX,74139,11,20,10
Mitchell,SD,15669,1,11,2
Mobile,AL,194288,303,560,161
Modesto,CA,211266,97,169,50
Mokena,IL,19923,1,3,0
Moline,IL,42681,10,22,2
Monroe,LA,49598,73,150,42
Monroe,MI,20092,6,12,4
Monroe,NC,34623,7,25,9
Monroe,WA,18090,1,6,2
Monroeville,PA,28176,11,15,2
Monrovia,CA,37463,7,9,4
Montclair,CA,38690,5,7,7
Montclair,NJ,39701,6,12,0
Montebello,CA,63921,5,23,14
Monterey,CA,28338,3,9,1
Monterey Park,CA,61468,1,6,4
Montgomery,AL,200602,318,483,174
Montgomery,IL,19489,9,14,3
Montgomery Village,MD,32032,0,3,4
Montrose,CO,19062,4,11,0
Moore,OK,60451,1,7,2
Mooresville,NC,36009,13,22,2
Moorhead,MN,42005,4,24,2
Moraga,CA,17256,0,1,0
Moreno Valley,CA,204198,32,62,31
Morgan Hill,CA,42948,2,7,0
Morganton,NC,16692,4,15,7
Morgantown,WV,30708,23,59,10
Morristown,NJ,18594,2,6,0
Morristown,TN,29478,6,14,3
Morrisville,NC,23820,5,45,2
Morton,IL,16306,0,1,0
Morton Grove,IL,23448,0,1,2
Moscow,ID,25060,2,12,4
Moses Lake,WA,22082,13,44,8
Mount Clemens,MI,16400,7,14,1
Mount Juliet,TN,31540,2,26,5
Mount Laurel,NJ,41864,6,9,0
Mount Pleasant,MI,26060,2,13,3
Mount Pleasant,SC,81317,6,28,4
Mount Pleasant,TX,16051,2,2,0
Mount Pleasant,WI,26272,2,9,1
Mount Prospect,IL,54747,1,11,1
Mount Vernon,IL,15087,6,35,3
Mount Vernon,NY,68628,35,41,15
Mount Vernon,OH,16742,1,5,3
Mount Vernon,WA,34053,2,11,7
Mountain Brook,AL,20691,0,2,0
Mountain View,CA,80435,0,11,5
Mountlake Terrace,WA,20989,2,7,2
Mukilteo,WA,21226,3,5,5
Muncie,IN,70087,46,87,19
Munster,IN,22984,3,9,3
Murfreesboro,TN,126118,65,167,22
Murphy,TX,20610,0,1,3
Murray,KY,18954,3,15,6
Murray,UT,49250,0,2,0
Murrieta,CA,109830,1,13,5
Murrysville,PA,20134,2,3,0
Muscatine,IA,23968,10,39,1
Muskego,WI,24755,1,3,2
Muskegon,MI,38401,38,67,13
Muskogee,OK,38456,29,58,11
Mustang,OK,20226,0,3,0
Myrtle Beach,SC,31035,137,342,48
Nacogdoches,TX,33894,11,26,10
Nampa,ID,89839,9,54,13
Nanuet,NY,17882,1,4,0
Napa,CA,80434,5,11,7
Naperville,IL,147100,2,16,1
Naples,FL,21512,18,112,24
Narragansett,RI,15868,0,1,0
Nashua,NH,87970,19,63,5
Nashville,TN,530852,796,1319,261
Natchez,MS,15128,34,69,24
Natchitoches,LA,18365,18,47,11
Natick,MA,32276,0,7,0
National City,CA,61060,7,12,6
Naugatuck,CT,31538,2,16,1
Navarre,FL,31378,4,8,1
Nederland,TX,17196,0,4,0
Needham,MA,28886,0,1,0
Neenah,WI,25792,2,10,1
New Albany,IN,36732,7,19,6
New Bedford,MA,94958,50,241,19
New Berlin,WI,39825,1,6,3
New Bern,NC,30070,39,82,12
New Braunfels,TX,70543,10,24,7
New Brighton,MN,22351,1,3,1
New Britain,CT,72808,27,38,7
New Brunswick,NJ,57035,37,51,7
New Canaan,CT,19738,0,3,1
New Castle,IN,17621,5,15,3
New Castle,PA,22375,19,48,18
New City,NY,33559,0,2,1
New Haven,CT,130322,226,411,45
New Haven,IN,15709,0,4,0
New Hope,MN,21032,3,5,1
New Iberia,LA,30754,52,77,22
New Lenox,IL,25800,0,5,0
New London,CT,27179,18,77,3
New Milford,NJ,16801,0,3,0
New Orleans,LA,389617,1892,3070,703
New Philadelphia,OH,17484,0,2,2
New Port Richey,FL,15842,8,25,5
New Rochelle,NY,79846,4,12,3
New Smyrna Beach,FL,24298,8,22,3
Newark,CA,45336,1,9,6
Newark,DE,33817,25,95,9
Newark,NJ,281944,361,737,304
Newark,OH,47986,14,31,8
Newberg,OR,22780,0,3,1
Newburgh,NY,28290,56,120,15
Newburyport,MA,17982,0,3,1
Newington,CT,30562,2,10,2
Newnan,GA,37291,21,43,12
Newport,KY,15354,3,12,4
Newport,RI,24232,4,9,2
Newport Beach,CA,87127,1,5,2
Newport News,VA,182385,352,536,107
Newton,IA,15125,4,8,2
Newton,KS,19216,5,9,5
Newton,MA,88817,0,2,0
Niagara Falls,NY,48916,64,182,11
Nicholasville,KY,29754,7,19,4
Niles,IL,29876,1,5,0
Niles,OH,18651,3,6,0
Nipomo,CA,16714,0,1,0
Nixa,MO,20984,1,6,1
Noblesville,IN,59093,2,7,5
Nogales,AZ,20252,2,3,0
Norco,CA,26289,3,3,1
Norcross,GA,16634,25,47,24
Norfolk,NE,24366,2,9,0
Norfolk,VA,246393,492,622,152
Normal,IL,54373,2,8,1
Norman,OK,120284,18,50,18
Norristown,PA,34412,18,27,11
North Andover,MA,28222,0,2,0
North Arlington,NJ,15904,0,2,0
North Augusta,SC,22522,16,60,13
North Aurora,IL,17456,1,1,0
North Babylon,NY,17509,3,3,0
North Bergen,NJ,63484,2,18,3
North Canton,OH,17441,1,12,2
North Charleston,SC,108304,190,395,111
North Chicago,IL,29491,3,4,3
North Fort Myers,FL,39407,5,12,1
North Haven,CT,24093,1,12,0
North Highlands,CA,42694,8,10,6
North Hills,CA,56946,4,10,5
North Hollywood,CA,77848,9,20,7
North Kingstown,RI,28042,0,4,0
North Las Vegas,NV,234807,36,69,27
North Lauderdale,FL,43703,6,6,1
North Liberty,IA,15931,2,7,1
North Little Rock,AR,66504,51,122,46
North Miami,FL,62435,1,2,2
North Miami Beach,FL,43971,17,26,12
North Myrtle Beach,SC,15579,1,13,6
North Ogden,UT,18446,1,1,1
North Olmsted,OH,32004,1,12,2
North Plainfield,NJ,22140,1,1,0
North Platte,NE,24194,5,14,2
North Port,FL,62345,7,20,9
North Providence,RI,33835,4,2,2
North Richland Hills,TX,69204,8,12,4
North Ridgeville,OH,32483,3,11,4
North Royalton,OH,30311,0,5,2
North Salt Lake,UT,19796,1,2,0
North Tonawanda,NY,30785,1,10,6
Northampton,MA,28540,1,7,0
Northdale,FL,22079,0,2,1
Northfield,MN,20380,1,2,1
Northglenn,CO,39197,1,3,0
Northport,AL,24772,8,12,1
Northridge,CA,68469,8,11,1
Norton,MA,19808,0,5,1
Norton Shores,MI,24208,0,4,0
Norwalk,CA,107140,59,78,25
Norwalk,CT,88485,34,75,8
Norwalk,OH,16827,1,2,0
Norwich,CT,39899,4,21,2
Norwood,MA,28602,0,3,1
Norwood,OH,19915,2,3,0
Novato,CA,55530,2,7,5
Novi,MI,58723,4,6,2
Nutley,NJ,27572,1,2,2
Oak Creek,WI,35243,1,5,1
Oak Forest,IL,28074,3,6,1
Oak Grove,OR,16629,1,2,0
Oak Harbor,WA,22693,3,7,3
Oak Lawn,IL,56781,3,10,4
Oak Park,IL,52287,14,18,1
Oak Park,MI,29752,4,7,4
Oak Ridge,TN,29302,9,30,3
Oakdale,CA,22259,2,7,2
Oakdale,MN,28080,1,2,0
Oakland,CA,419267,783,1478,321
Oakland Park,FL,44319,0,6,1
Oakley,CA,39813,6,13,4
Oakton,VA,34166,0,2,0
Oakville,MO,36143,0,1,0
Ocala,FL,58218,126,280,60
Ocean Springs,MS,17636,6,20,8
Oceanside,CA,175691,13,41,22
Oceanside,NY,32109,2,2,1
Ocoee,FL,43608,4,11,3
Oconomowoc,WI,16360,1,4,2
Odenton,MD,37132,6,21,3
Odessa,TX,118968,37,98,27
Ogden,UT,85444,22,54,15
Oildale,CA,32684,0,1,0
Okemos,MI,21369,0,3,1
Oklahoma City,OK,631346,429,815,234
Olathe,KS,134305,13,29,7
Old Bridge,NJ,23753,1,3,3
Olive Branch,MS,36010,12,15,6
Olney,MD,33844,0,1,1
Olympia,WA,50302,15,39,11
Omaha,NE,443885,527,923,144
Onalaska,WI,18468,2,5,0
Ontario,CA,171214,8,54,21
Opa-locka,FL,16565,3,4,2
Opelika,AL,29527,29,64,23
Opelousas,LA,16591,18,79,23
Orange,CA,140992,6,17,11
Orange,NJ,34457,31,35,16
Orange,TX,19347,5,9,3
Orangevale,CA,33960,2,5,2
Oregon,OH,20102,0,9,3
Oregon City,OR,35831,8,14,4
Orem,UT,94457,4,23,6
Orinda,CA,19279,5,4,0
Orland Park,IL,58619,0,8,2
Orlando,FL,270934,633,1020,303
Ormond Beach,FL,40970,8,25,7
Oro Valley,AZ,43565,0,1,0
Oroville,CA,16260,26,60,15
Oshkosh,WI,66555,10,33,7
Ossining,NY,25441,1,2,0
Oswego,IL,33955,1,4,0
Oswego,NY,17787,0,2,0
Ottumwa,IA,24624,6,12,2
Overland Park,KS,186515,11,40,14
Oviedo,FL,38551,6,11,1
Owasso,OK,34542,7,22,3
Owatonna,MN,25725,2,3,0
Owensboro,KY,59042,25,66,10
Owings Mills,MD,30622,10,12,4
Oxford,AL,21249,3,10,3
Oxford,MS,22314,10,34,7
Oxford,OH,22104,4,8,2
Oxnard,CA,207254,100,245,31
Oxon Hill,MD,17722,6,18,13
Ozark,MO,19120,2,7,1
Ozone Park,NY,53985,3,5,3
Pace,FL,20039,0,1,1
Pacific Grove,CA,15674,0,2,0
Pacifica,CA,39260,3,9,4
Paducah,KY,24864,15,73,2
Pahrump,NV,36441,5,21,2
Painesville,OH,19776,6,11,3
Palatine,IL,69308,5,9,2
Palestine,TX,18288,13,28,10
Palisades Park,NJ,20743,0,1,0
Palm Bay,FL,107888,32,60,13
Palm Beach Gardens,FL,52923,4,31,10
Palm City,FL,23120,1,5,0
Palm Coast,FL,82893,15,73,11
Palm Desert,CA,51869,4,11,2
Palm Harbor,FL,57439,2,10,1
Palm Springs,CA,47371,17,43,12
Palm Springs,FL,22341,0,1,1
Palmdale,CA,158351,27,42,21
Palmer,MA,18261,1,4,1
Palo Alto,CA,66853,15,22,7
Palos Hills,IL,17565,1,1,0
Pampa,TX,18177,11,14,3
Panama City,FL,38286,26,117,21
Papillion,NE,19510,1,2,1
Paradise,CA,26476,5,15,5
Paragould,AR,27900,7,16,3
Paramount,CA,55412,5,24,12
Paramus,NJ,26974,0,7,3
Paris,TX,24782,13,84,11
Park Forest,IL,21954,13,18,6
Park Ridge,IL,37757,4,7,0
Parker,CO,49550,2,14,4
Parkersburg,WV,30991,11,26,9
Parkland,WA,35803,1,5,2
Parkville,MD,30734,10,23,8
Parlier,CA,15138,7,8,2
Parma,OH,79937,5,8,0
Parma Heights,OH,20246,0,1,1
Parsippany,NJ,51144,4,3,0
Pasadena,CA,142250,60,126,20
Pasadena,MD,24287,6,15,2
Pasadena,TX,153784,20,36,11
Pascagoula,MS,22126,15,32,8
Pasco,WA,69451,25,48,15
Paso Robles,CA,27157,4,3,2
Passaic,NJ,71085,24,30,5
Pataskala,OH,15245,2,5,2
Paterson,NJ,147754,285,548,69
Patterson,CA,21498,7,10,2
Pawtucket,RI,71591,26,74,7
Payson,AZ,15345,1,4,3
Payson,UT,19548,3,3,0
Peabody,MA,52504,0,17,3
Peachtree City,GA,35240,3,5,1
Peachtree Corners,GA,40978,2,1,3
Pearl,MS,26462,5,13,5
Pearl City,HI,47698,1,4,1
Pearland,TX,108821,8,18,9
Peekskill,NY,24043,2,5,1
Pekin,IL,33223,4,21,5
Pelham,AL,22885,0,5,0
Pembroke Pines,FL,166611,16,44,13
Pendleton,OR,16881,1,7,3
Penn Hills,PA,44610,1,9,7
Pennsauken,NJ,36332,3,11,2
Pensacola,FL,53193,83,198,47
Peoria,AZ,171237,25,39,10
Peoria,IL,115070,291,920,40
Perris,CA,74971,22,33,13
Perry,GA,15457,3,10,1
Perry Hall,MD,28474,0,1,0
Perrysburg,OH,21423,4,5,0
Perth Amboy,NJ,52682,3,7,2
Petaluma,CA,60438,4,12,3
Petersburg,VA,32477,92,129,46
Pflugerville,TX,57122,11,16,3
Pharr,TX,76538,5,11,7
Phenix City,AL,37570,38,50,30
Philadelphia,PA,1567442,2318,2929,890
Phoenix,AZ,1563025,473,969,412
Phoenixville,PA,16658,3,5,3
Pickerington,OH,19745,1,4,1
Pico Rivera,CA,64218,10,27,15
Pikesville,MD,30764,2,7,3
Pine Bluff,AR,44772,74,138,67
Pine Hills,FL,60076,14,14,9
Pinehurst,NC,15752,3,4,2
Pinellas Park,FL,51617,9,25,11
Pinole,CA,19269,4,9,3
Piqua,OH,20790,6,16,2
Piscataway,NJ,56044,0,2,1
Pittsburg,CA,69424,19,41,15
Pittsburg,KS,20409,3,19,2
Pittsburgh,PA,304391,595,936,243
Pittsfield,MA,43303,27,160,8
Placentia,CA,52495,0,2,1
Plainfield,CT,15498,3,6,1
Plainfield,IL,42527,6,18,5
Plainfield,IN,30590,2,5,2
Plainfield,NJ,51217,27,50,20
Plainview,NY,26217,0,1,0
Plainview,TX,20919,5,6,0
Plainville,CT,17328,0,2,0
Plano,TX,283558,11,25,23
Plant City,FL,37406,19,42,15
Plantation,FL,92560,11,25,9
Plattsburgh,NY,19806,3,9,3
Pleasant Grove,UT,38052,0,2,1
Pleasant Hill,CA,34810,2,4,0
Pleasant Prairie,WI,20726,2,7,4
Pleasanton,CA,79510,0,8,2
Pleasantville,NJ,20755,38,73,13
Plum,PA,27505,0,1,0
Pocatello,ID,54441,13,43,8
Poinciana,FL,53193,0,2,1
Pomona,CA,153266,62,98,45
Pompano Beach,FL,107762,27,65,21
Ponca City,OK,24758,2,4,1
Ponte Vedra Beach,FL,35400,0,2,0
Pontiac,MI,59917,129,238,33
Pooler,GA,23133,6,9,2
Poplar Bluff,MO,17266,6,27,10
Port Angeles,WA,19448,2,15,4
Port Arthur,TX,55340,30,50,18
Port Charlotte,FL,54392,6,23,9
Port Chester,NY,29620,1,3,0
Port Hueneme,CA,22423,4,13,3
Port Huron,MI,29330,3,10,1
Port Orange,FL,59866,7,22,9
Port Saint Lucie,FL,164603,18,72,10
Portage,IN,36738,4,28,7
Portage,MI,48177,3,6,2
Porterville,CA,56058,12,35,7
Portland,ME,66881,14,52,6
Portland,OR,632309,313,941,100
Portland,TX,16116,1,1,0
Portsmouth,NH,21530,0,51,3
Portsmouth,OH,20409,8,12,3
Portsmouth,RI,17756,0,3,1
Portsmouth,VA,96201,208,271,58
Post Falls,ID,30453,1,16,1
Potomac,MD,44965,0,1,2
Pottstown,PA,22664,16,24,6
Poughkeepsie,NY,30371,39,120,11
Poway,CA,50157,2,4,2
Prairie Village,KS,21877,1,7,2
Prairieville,LA,26895,7,12,4
Prattville,AL,35420,12,32,9
Prescott,AZ,41899,3,10,3
Prescott Valley,AZ,42197,5,9,1
Prichard,AL,22351,3,15,6
Princeton,NJ,29603,0,2,1
Prior Lake,MN,25282,3,4,1
Prospect Heights,IL,16386,1,4,0
Prosper,TX,15967,0,1,2
Providence,RI,179207,264,589,43
Provo,UT,115264,4,16,2
Prunedale,CA,17560,0,3,0
Pueblo,CO,109412,90,352,46
Pueblo West,CO,29637,0,6,1
Pullman,WA,32816,6,14,1
Punta Gorda,FL,18150,2,25,4
Puyallup,WA,39659,8,35,12
Queen Creek,AZ,34614,0,2,2
Queens,NY,2272771,78,130,46
Queensbury,NY,27703,3,9,0
Quincy,IL,40780,19,66,5
Quincy,MA,93618,4,39,0
Racine,WI,77742,56,186,17
Radcliff,KY,22387,10,14,3
Radford,VA,17403,2,8,0
Rahway,NJ,29508,2,5,3
Raleigh,NC,451066,193,324,79
Ramona,CA,20292,2,3,1
Ramsey,MN,25828,0,1,1
Ramsey,NJ,15102,0,2,0
Rancho Cordova,CA,71017,10,16,8
Rancho Cucamonga,CA,175236,6,27,3
Rancho Mirage,CA,18083,1,1,0
Rancho Palos Verdes,CA,42732,0,2,0
Rancho Santa Margarita,CA,49324,0,1,1
Randallstown,MD,32430,11,17,7
Randolph,MA,32112,6,17,2
Randolph,NJ,25734,0,3,2
Rapid City,SD,73569,21,80,16
Raymore,MO,20374,1,2,1
Raytown,MO,29401,1,5,2
Reading,MA,24747,0,1,1
Reading,PA,87879,41,61,28
Red Wing,MN,16445,1,8,1
Redan,GA,33015,2,1,0
Redding,CA,91582,15,48,16
Redford,MI,49936,5,9,2
Redlands,CA,71035,5,16,7
Redmond,OR,28654,1,18,2
Redmond,WA,60598,1,6,4
Redondo Beach,CA,68166,4,8,4
Redwood City,CA,85288,3,9,2
Reedley,CA,25569,6,8,3
Reisterstown,MD,25968,0,6,3
Reno,NV,241445,103,232,69
Renton,WA,100242,40,51,13
Republic,MO,16005,3,8,1
Reston,VA,58404,5,6,3
Revere,MA,53422,12,68,3
Rexburg,ID,27663,1,10,1
Reynoldsburg,OH,37158,10,17,10
Rialto,CA,103132,9,22,7
Richardson,TX,110815,4,8,4
Richfield,MN,36216,0,1,0
Richland,WA,54248,0,10,0
Richmond,CA,109708,102,160,68
Richmond,IN,35854,38,88,10
Richmond,KY,33533,14,42,13
Richmond,VA,220289,696,994,244
Richmond Hill,NY,98984,7,4,0
Ridgecrest,CA,28780,0,6,3
Ridgeland,MS,24351,13,18,2
Ridgewood,NJ,25621,0,1,0
Ridgewood,NY,69317,2,6,1
Rio Linda,CA,15106,1,6,5
Rio Rancho,NM,87521,12,24,11
Rio Rico,AZ,18962,0,1,0
Ripon,CA,15151,0,3,2
River Falls,WI,15269,1,3,0
Riverbank,CA,24122,1,2,0
Riverdale,GA,15989,24,44,27
Riverside,CA,322424,47,97,28
Riverside,OH,24972,2,4,2
Riverton,UT,41900,3,3,0
Riverview,FL,71050,9,30,8
Riviera Beach,FL,34005,19,30,9
Roanoke,VA,99897,157,227,43
Roanoke Rapids,NC,15345,30,49,7
Rochester,MN,112225,28,173,8
Rochester,NH,30038,4,90,2
Rochester,NY,209802,513,689,94
Rochester Hills,MI,73424,0,3,0
Rock Hill,SC,71548,90,338,33
Rock Island,IL,38620,12,24,9
Rock Springs,WY,23962,1,3,1
Rockford,IL,148278,392,842,77
Rockland,MA,17982,1,6,0
Rockledge,FL,24926,3,11,5
Rocklin,CA,61213,1,12,2
Rockville,MD,66980,3,7,1
Rockville Centre,NY,24201,0,1,0
Rockwall,TX,42566,2,5,1
Rocky Mount,NC,55806,87,137,32
Rocky River,OH,20376,0,6,1
Rogers,AR,63159,3,15,2
Rohnert Park,CA,42407,3,6,0
Rolla,MO,20019,4,8,2
Rolling Meadows,IL,24190,1,2,0
Rome,GA,36323,41,226,22
Rome,NY,32573,1,13,3
Romeoville,IL,39719,4,10,4
Romulus,MI,23417,1,21,5
Ronkonkoma,NY,19082,4,6,0
Roosevelt,NY,16258,7,20,5
Rosamond,CA,18150,6,14,5
Roseburg,OR,22114,15,15,18
Rosedale,MD,19257,2,3,2
Rosedale,NY,25812,4,4,1
Roselle,NJ,21670,6,9,3
Rosemead,CA,54908,5,21,10
Rosemount,MN,23413,0,8,2
Rosenberg,TX,35510,1,6,5
Roseville,CA,130269,12,18,3
Roseville,MI,47637,7,23,5
Roseville,MN,35580,2,5,0
Roswell,GA,94501,7,18,5
Roswell,NM,48544,23,86,28
Rotterdam,NY,20652,0,1,1
Round Lake,IL,18461,1,6,1
Round Lake Beach,IL,27852,0,1,1
Round Rock,TX,115997,8,46,10
Rowland Heights,CA,48993,0,4,1
Rowlett,TX,60236,11,14,5
Roy,UT,37964,0,6,6
Royal Oak,MI,59008,4,14,2
Royal Palm Beach,FL,37633,4,23,1
Rubidoux,CA,34280,2,1,1
Ruskin,FL,17208,7,13,3
Russellville,AR,29166,6,15,7
Ruston,LA,22340,9,14,5
Rutherford,NJ,18690,0,2,1
Rutland,VT,15824,2,16,0
Rye,NY,16046,0,2,0
Saco,ME,19078,2,7,6
Sacramento,CA,490712,309,477,180
Saginaw,MI,49347,163,241,55
Sahuarita,AZ,25707,2,6,1
Saint Charles,IL,32974,3,7,3
Saint Charles,MO,65794,7,22,8
Saint Clair Shores,MI,59715,1,5,1
Saint Cloud,FL,35183,5,16,7
Saint Cloud,MN,65842,19,56,6
Saint George,UT,72897,4,18,2
Saint Joseph,MO,76780,23,65,17
Saint Louis Park,MN,45250,1,3,0
Saint Michael,MN,16399,0,1,2
Saint Paul,MN,285068,159,404,68
Saint Peters,MO,52575,8,14,3
Salem,MA,42869,3,10,2
Salem,NH,29549,0,16,2
Salem,OR,164549,43,104,28
Salem,VA,25432,2,7,0
Salina,KS,47813,20,91,6
Salinas,CA,157380,150,301,108
Salisbury,MD,32899,18,46,14
Salisbury,NC,34017,81,173,38
Salt Lake City,UT,192672,96,309,41
Sammamish,WA,52253,1,4,3
San Angelo,TX,100450,22,75,22
San Antonio,TX,1469845,1027,1627,516
San Benito,TX,24496,0,4,3
San Bernardino,CA,216108,172,281,144
San Bruno,CA,43185,3,4,1
San Carlos,CA,29931,0,3,3
San Carlos Park,FL,16824,0,1,0
San Clemente,CA,65526,1,4,2
San Diego,CA,1394928,166,372,116
San Dimas,CA,34630,0,5,1
San Fernando,CA,24931,10,14,13
San Francisco,CA,864816,272,421,141
San Gabriel,CA,40424,8,13,7
San Jacinto,CA,46951,12,33,12
San Jose,CA,1026908,104,234,103
San Juan,TX,36556,0,3,0
San Juan Capistrano,CA,36454,2,4,3
San Leandro,CA,90712,26,50,5
San Lorenzo,CA,23452,2,5,1
San Luis,AZ,31520,0,1,0
San Luis Obispo,CA,47339,0,4,0
San Marcos,CA,92931,4,9,5
San Marcos,TX,60684,13,26,13
San Mateo,CA,103536,4,14,3
San Pablo,CA,30407,5,14,10
San Pedro,CA,78405,20,23,9
San Rafael,CA,59162,3,10,2
San Ramon,CA,76134,1,3,0
San Tan Valley,AZ,81321,3,5,3
Sand Springs,OK,19783,1,12,3
Sandusky,OH,25212,31,70,7
Sandy,UT,87461,15,20,7
Sandy Springs,GA,105330,11,30,7
Sanford,FL,58111,50,88,18
Sanford,ME,20893,0,9,1
Sanford,NC,29144,32,57,21
Sanger,CA,24950,4,11,5
Santa Ana,CA,335400,142,209,54
Santa Barbara,CA,91842,3,11,5
Santa Clara,CA,126215,7,34,10
Santa Clarita,CA,182371,5,28,15
Santa Cruz,CA,64220,16,52,10
Santa Fe,NM,84099,14,116,10
Santa Fe Springs,CA,18026,2,7,3
Santa Maria,CA,105093,20,63,24
Santa Monica,CA,93220,10,14,11
Santa Paula,CA,30546,16,25,3
Santa Rosa,CA,174972,33,77,12
Santee,CA,57787,4,6,2
Sapulpa,OK,20579,6,10,3
Sarasota,FL,55118,42,130,28
Saratoga,CA,30968,0,4,4
Saratoga Springs,NY,27765,0,4,0
Saratoga Springs,UT,25407,0,3,1
Sartell,MN,16788,2,4,1
Saugus,MA,26628,1,16,1
Savage,MN,30391,0,1,0
Savannah,GA,145674,503,740,159
Sayreville,NJ,44920,0,3,1
Scarsdale,NY,17885,0,1,0
Schaumburg,IL,74693,1,2,1
Schenectady,NY,65305,45,110,18
Schererville,IN,28791,0,2,2
Schertz,TX,37938,2,6,5
Scotch Plains,NJ,23584,1,4,2
Scottsdale,AZ,236839,15,45,28
Scranton,PA,77118,11,52,5
Seaford,NY,15294,0,1,0
Seagoville,TX,15894,1,2,2
Seal Beach,CA,24619,1,4,2
Searcy,AR,24196,3,12,3
Seaside,CA,33025,6,18,5
Seattle,WA,684451,302,732,107
Sebastian,FL,24007,6,13,0
Secaucus,NJ,19104,1,5,0
Sedalia,MO,21516,7,13,3
Seguin,TX,27864,4,15,8
Selden,NY,19851,1,2,1
Selma,AL,19519,104,132,42
Selma,CA,24414,9,12,8
Seminole,FL,18153,5,13,1
Severn,MD,44231,10,25,7
Severna Park,MD,37634,0,1,0
Sevierville,TN,16490,4,11,4
Seymour,CT,16562,2,5,1
Seymour,IN,19478,2,19,5
Shafter,CA,18336,2,6,2
Shaker Heights,OH,27646,3,7,0
Shakopee,MN,39981,1,5,1
Shawnee,KS,65046,9,19,2
Shawnee,OK,31286,5,15,4
Sheboygan,WI,48797,7,24,3
Shelby,NC,20189,26,39,18
Shelbyville,IN,19133,2,9,4
Shelbyville,KY,15253,4,8,4
Shelbyville,TN,21317,3,10,2
Shelton,CT,41296,2,14,2
Sheridan,WY,17873,1,7,4
Sherman,TX,40667,2,10,6
Sherman Oaks,CA,52677,5,5,2
Sherwood,AR,30517,5,13,2
Sherwood,OR,19283,1,5,5
Shirley,NY,27854,5,11,1
Shoreline,WA,55439,0,2,2
Shorewood,IL,16747,0,3,0
Shreveport,LA,197204,565,797,154
Shrewsbury,MA,33893,0,1,0
Sicklerville,NJ,42891,3,8,1
Sidney,OH,20858,2,10,1
Sierra Vista,AZ,43355,4,23,6
Sikeston,MO,16436,23,44,11
Siloam Springs,AR,16081,1,5,1
Silver Lake,CA,32890,0,1,1
Silver Spring,MD,71452,19,30,10
Silverdale,WA,19204,1,2,0
Simi Valley,CA,126788,5,16,0
Simpsonville,SC,20736,4,28,10
Sioux City,IA,82821,35,87,8
Sioux Falls,SD,171544,34,262,17
Skokie,IL,64821,4,15,3
Slidell,LA,27942,27,71,14
Smithfield,RI,21872,0,3,0
Smithtown,NY,26470,3,4,1
Smyrna,GA,56146,10,20,7
Smyrna,TN,46607,6,26,6
Snellville,GA,19733,10,18,8
Soledad,CA,25003,2,14,4
Solon,OH,23043,1,15,2
Somerset,MA,18165,0,2,0
Somerset,NJ,22083,5,8,1
Somerton,AZ,15048,6,7,3
Somerville,MA,80318,1,6,2
South Bend,IN,101516,218,340,65
South Boston,MA,571281,2,1,0
South Burlington,VT,18791,0,4,1
South El Monte,CA,20878,1,3,2
South Elgin,IL,22365,2,2,0
South Euclid,OH,21794,1,4,1
South Gate,CA,96401,7,25,18
South Hadley,MA,17652,4,4,0
South Holland,IL,22043,3,6,4
South Houston,TX,17544,4,3,0
South Jordan,UT,66648,3,11,1
South Kingstown,RI,30826,0,3,0
South Lake Tahoe,CA,21706,0,8,2
South Milwaukee,WI,21233,0,5,1
South Orange,NJ,17295,1,6,0
South Pasadena,CA,26151,0,3,0
South Portland,ME,25556,0,3,1
South Saint Paul,MN,20160,3,4,0
South Salt Lake,UT,24788,2,4,0
South San Francisco,CA,67271,2,2,1
South Valley,NM,40976,0,1,0
South Windsor,CT,24412,2,8,0
Southaven,MS,52589,13,22,8
Southbridge,MA,19030,2,13,0
Southbury,CT,19836,0,2,0
Southfield,MI,73156,21,34,11
Southgate,MI,29293,3,8,4
Southlake,TX,29941,0,9,3
Spanaway,WA,27227,6,27,12
Spanish Fork,UT,37935,2,8,8
Spanish Lake,MO,19650,4,3,1
Spanish Springs,NV,15064,1,3,1
Sparks,NV,96094,25,73,12
Spartanburg,SC,37867,116,233,37
Spokane,WA,213272,90,362,41
Spokane Valley,WA,94919,0,2,0
Spring,TX,54298,21,64,31
Spring Hill,FL,98621,13,46,11
Spring Hill,TN,36055,2,7,1
Spring Valley,CA,28205,8,14,3
Spring Valley,NY,32598,3,11,3
Springboro,OH,18213,1,4,3
Springdale,AR,77859,18,37,6
Springfield,IL,116565,113,303,38
Springfield,MA,154341,259,798,48
Springfield,MO,166810,117,333,63
Springfield,OH,59680,101,186,39
Springfield,OR,60870,13,40,10
Springfield,PA,23363,0,3,0
Springfield,TN,16808,30,42,9
Springfield,VA,30484,4,7,2
Springfield Gardens,NY,30515,1,2,1
Springville,UT,32286,4,6,0
St. Petersburg,FL,257083,0,2,1
Stafford,TX,18459,4,10,10
Stallings,NC,15270,0,3,0
Stamford,CT,128874,50,207,7
Stanton,CA,38872,6,6,0
Starkville,MS,25366,15,32,6
State College,PA,42161,1,10,1
Staten Island,NY,468730,148,411,43
Statesboro,GA,30721,26,154,15
Statesville,NC,26221,32,68,15
Staunton,VA,24416,7,14,4
Stephenville,TX,20120,1,4,1
Sterling,IL,15057,1,7,0
Sterling,VA,27822,4,19,2
Sterling Heights,MI,132052,5,19,8
Steubenville,OH,18219,13,17,5
Stevens Point,WI,26604,1,7,1
Stevenson Ranch,CA,17557,1,3,2
Stillwater,MN,18924,1,3,1
Stillwater,OK,48967,10,20,8
Stockbridge,GA,28202,11,21,8
Stockton,CA,305658,227,555,150
Stoneham,MA,21437,0,1,1
Stoughton,MA,26915,6,25,0
Stow,OH,34797,1,4,0
Stratford,CT,51384,12,37,3
Streamwood,IL,40554,2,6,0
Streetsboro,OH,16312,0,4,1
Strongsville,OH,44668,0,5,3
Stuart,FL,16462,13,51,5
Studio City,CA,34034,4,5,2
Sudbury,MA,17343,0,2,0
Suffolk,VA,88161,57,78,12
Sugar Land,TX,88156,5,24,8
Suitland,MD,25825,10,26,20
Sulphur,LA,20189,8,18,6
Sulphur Springs,TX,16098,2,7,4
Summerville,SC,48848,46,128,33
Summit,NJ,22074,0,1,0
Sumter,SC,40816,30,74,20
Sun City,AZ,37499,2,4,2
Sun City Center,FL,19258,0,2,0
Sun City West,AZ,24535,0,1,2
Sun Prairie,WI,32365,5,15,1
Sun Valley,NV,19299,4,11,3
Sunland,CA,15316,1,2,1
Sunland Park,NM,15940,2,2,0
Sunny Isles Beach,FL,22123,1,1,0
Sunnyside,WA,16325,3,8,6
Sunnyvale,CA,151754,3,10,7
Sunrise,FL,84439,4,8,2
Superior,WI,26579,4,15,2
Surprise,AZ,128422,2,11,11
Susanville,CA,15247,1,2,1
Suwanee,GA,18694,2,7,8
Swansea,MA,16525,0,4,2
Sweetwater,FL,20840,0,1,0
Sycamore,IL,17712,1,2,2
Sylvania,OH,18965,2,8,0
Syracuse,NY,144142,392,642,76
Syracuse,UT,27395,2,4,4
Tacoma,WA,207948,90,223,57
Tahlequah,OK,16598,6,13,4
Takoma Park,MD,17713,3,4,0
Talladega,AL,15709,8,22,9
Tallahassee,FL,189907,126,260,67
Tallmadge,OH,17512,3,5,0
Tamarac,FL,64681,1,2,1
Tampa,FL,369075,302,601,150
Tarpon Springs,FL,24605,5,15,8
Taunton,MA,56789,18,36,4
Tavares,FL,15430,2,14,3
Taylor,MI,61568,6,20,10
Taylor,TX,16702,3,9,5
Taylors,SC,21617,12,25,8
Taylorsville,UT,60514,1,1,0
Teaneck,NJ,40078,2,12,0
Temecula,CA,112011,5,21,11
Tempe,AZ,175826,41,74,36
Temple,TX,72277,29,50,18
Temple City,CA,36365,0,4,1
Temple Terrace,FL,25731,1,3,2
Terre Haute,IN,60825,30,66,16
Terrell,TX,16981,11,17,3
Terrytown,LA,23319,2,5,4
Tewksbury,MA,29326,0,10,2
Texarkana,AR,30353,25,35,14
Texarkana,TX,37280,28,53,19
Texas City,TX,47618,10,24,10
The Colony,TX,41779,0,6,5
The Dalles,OR,15340,3,4,1
The Villages,FL,51442,0,8,0
Thomasville,GA,18742,12,39,4
Thomasville,NC,27061,10,26,3
Thornton,CO,133451,8,35,19
Thousand Oaks,CA,129339,1,4,3
Tiffin,OH,17687,3,6,3
Tifton,GA,16725,9,44,11
Tigard,OR,51253,2,5,0
Tinley Park,IL,57143,1,4,0
Titusville,FL,45393,23,48,15
Toledo,OH,279789,609,804,111
Toms River,NJ,88791,10,19,4
Tooele,UT,33157,4,7,2
Topeka,KS,127265,167,362,70
Torrance,CA,148475,6,19,12
Torrington,CT,34906,1,10,1
Towson,MD,55197,2,4,1
Tracy,CA,87075,1,8,6
Traverse City,MI,15218,2,21,1
Trenton,MI,18380,0,3,2
Trenton,NJ,84225,477,729,85
Trotwood,OH,24096,10,17,2
Troutdale,OR,16631,3,8,5
Troy,AL,18853,21,30,7
Troy,MI,83280,3,19,2
Troy,NY,49906,39,90,5
Troy,OH,25659,3,12,0
Truckee,CA,16299,2,4,1
Trumbull,CT,36018,1,19,0
Trussville,AL,21023,1,10,6
Tualatin,OR,27154,0,3,2
Tucker,GA,27581,10,19,9
Tucson,AZ,531641,155,333,157
Tujunga,CA,26527,1,3,1
Tukwila,WA,20018,4,4,0
Tulare,CA,62315,10,33,24
Tullahoma,TN,19128,4,9,0
Tulsa,OK,403505,581,1258,262
Tumwater,WA,19190,5,4,0
Tupelo,MS,35680,35,70,17
Turlock,CA,72292,11,30,18
Tuscaloosa,AL,98332,151,220,40
Tustin,CA,80583,1,12,9
Twentynine Palms,CA,26025,3,16,8
Twin Falls,ID,47468,6,21,13
Twinsburg,OH,18872,2,4,4
Tyler,TX,103700,43,119,25
Ukiah,CA,15917,4,7,1
Union,NJ,56771,3,7,2
Union City,CA,74494,7,13,5
Union City,GA,20805,11,26,18
Union City,NJ,69156,4,7,0
Uniondale,NY,24759,11,24,5
Universal City,CA,105000,0,1,1
Universal City,TX,19986,2,4,3
University City,MO,35058,5,9,5
University Place,WA,32842,5,9,6
Upland,CA,76443,5,7,4
Upper Arlington,OH,34907,0,1,0
Urbana,IL,42311,25,95,7
Urbandale,IA,44062,6,6,1
Utica,NY,61100,64,183,13
Uvalde,TX,16476,4,2,4
Vacaville,CA,96803,9,20,5
Valdosta,GA,55724,74,166,24
Valencia,CA,148456,0,3,2
Vallejo,CA,121253,60,92,53
Valley Glen,CA,60000,0,1,1
Valley Stream,NY,37962,1,18,4
Valparaiso,IN,32626,3,23,4
Valrico,FL,35545,0,11,2
Van Buren,AR,23081,1,11,6
Van Nuys,CA,136443,11,40,23
Vancouver,WA,172860,51,183,28
Vandalia,OH,15106,3,13,2
Venice,CA,40885,8,12,7
Venice,FL,22211,3,8,1
Ventura,CA,96769,23,56,8
Vero Beach,FL,16358,29,83,19
Vestavia Hills,AL,34174,1,1,0
Vicksburg,MS,23131,50,73,21
Victoria,TX,67574,3,10,6
Victorville,CA,122225,20,56,19
Vienna,VA,16522,1,2,1
Villa Park,IL,21969,2,7,4
Vincennes,IN,18012,0,2,1
Vineland,NJ,60818,27,55,11
Virginia Beach,VA,452745,185,289,64
Visalia,CA,130104,48,109,36
Vista,CA,100890,5,23,12
Voorhees,NJ,29131,1,4,2
Waco,TX,132356,68,91,39
Wadsworth,OH,21860,0,2,0
Wailuku,HI,15313,0,7,3
Waipahu,HI,38216,3,9,0
Wake Forest,NC,38199,5,18,9
Wakefield,MA,24932,0,2,1
Waldorf,MD,67752,16,37,11
Walker,MI,24647,1,1,0
Walla Walla,WA,32237,2,12,5
Wallingford,CT,17712,5,15,3
Walnut,CA,30237,1,5,2
Walnut Creek,CA,68910,4,8,4
Walnut Park,CA,15966,1,1,1
Waltham,MA,63378,2,9,3
Wantagh,NY,18871,0,5,0
Warner Robins,GA,73490,41,86,21
Warren,MI,134056,22,33,5
Warren,OH,40245,68,129,27
Warrensburg,MO,19927,3,7,4
Warwick,RI,81699,2,26,0
Wasco,CA,26279,0,10,2
Washington,IL,16664,2,2,0
Washington,UT,24299,0,1,0
Washougal,WA,15288,1,6,1
Watauga,TX,24525,2,1,1
Waterbury,CT,108802,44,83,28
Waterford,CT,19281,0,2,0
Waterford,MI,75737,0,12,4
Waterloo,IA,68460,107,483,17
Watertown,MA,31915,1,2,0
Watertown,NY,26780,2,23,2
Watertown,SD,22073,1,6,2
Watertown,WI,23819,0,2,1
Waterville,ME,16261,1,23,0
Watsonville,CA,53628,24,64,11
Waukee,IA,18990,0,2,1
Waukegan,IL,88475,26,51,12
Waukesha,WI,71970,5,14,4
Wausau,WI,39094,5,35,4
Wauwatosa,WI,47614,0,3,0
Waxahachie,TX,33384,2,9,5
Wayne,MI,17081,0,2,1
Wayne,NJ,57915,1,3,2
Wayne,PA,30892,0,5,5
Waynesboro,VA,21491,2,27,1
Weatherford,TX,28742,4,13,5
Webster Groves,MO,23177,0,1,0
Weirton,WV,19175,4,4,1
Wellesley,MA,27982,0,1,0
Wellington,FL,62560,4,15,4
Wenatchee,WA,33636,2,4,1
Wentzville,MO,35603,2,8,1
Weslaco,TX,39474,4,6,3
Wesley Chapel,FL,44092,5,12,1
West Allis,WI,60620,2,7,2
West Babylon,NY,43213,5,9,2
West Bend,WI,31695,1,11,1
West Chester,PA,19842,1,6,3
West Chicago,IL,27447,0,3,1
West Columbia,SC,16060,18,49,14
West Covina,CA,108484,13,26,13
West Des Moines,IA,64113,5,8,1
West Fargo,ND,33597,1,17,6
West Hartford,CT,63268,0,8,1
West Haven,CT,54927,12,48,2
West Hempstead,NY,18862,1,4,0
West Hills,CA,41426,1,2,0
West Hollywood,CA,36222,2,6,1
West Islip,NY,28335,2,1,0
West Jordan,UT,111946,8,21,6
West Lafayette,IN,45550,6,12,2
West Linn,OR,26593,0,4,3
West Melbourne,FL,20679,0,1,2
West Memphis,AR,25052,13,16,9
West Mifflin,PA,20075,6,14,5
West Milford,NJ,26968,0,4,0
West New York,NJ,53366,1,4,1
West Odessa,TX,22707,0,2,1
West Orange,NJ,48131,2,9,2
West Palm Beach,FL,106779,259,431,125
West Park,FL,15097,0,1,1
West Sacramento,CA,52721,0,3,4
West Seneca,NY,44711,0,1,0
West Springfield,MA,27912,6,16,3
West Valley City,UT,136208,5,9,0
West Warwick,RI,30146,0,2,0
Westbrook,ME,17978,2,11,1
Westbury,NY,15379,5,8,0
Westchester,IL,16729,1,2,0
Westerly,RI,17936,0,5,0
Westerville,OH,38384,3,8,4
Westfield,IN,36738,0,4,0
Westfield,MA,41690,1,10,0
Westford,MA,21587,0,2,0
Westlake,OH,32428,0,19,2
Westland,MI,82000,4,12,7
Westminster,CA,92114,5,5,3
Westminster,CO,113130,14,36,17
Westminster,MD,18670,1,7,1
Westmont,IL,24941,0,1,0
Weston,FL,69959,0,1,0
Weston,WI,15069,0,2,0
Westport,CT,26391,2,12,1
Wethersfield,CT,26668,0,4,1
Weymouth,MA,54395,4,14,3
Wheat Ridge,CO,31192,10,21,3
Wheaton,IL,53715,1,4,0
Wheaton,MD,48284,0,1,0
Wheeling,IL,38079,4,4,0
Wheeling,WV,27648,5,35,3
White Bear Lake,MN,25205,0,1,0
White Plains,NY,58459,2,5,1
White Settlement,TX,17077,1,1,0
Whitehall,OH,18694,3,4,2
Whitestone,NY,36984,1,2,0
Whittier,CA,87438,28,47,28
Wichita,KS,389965,339,791,130
Wichita Falls,TX,104710,29,94,25
Wildomar,CA,35632,1,4,2
Wildwood,MO,35899,1,1,0
Wilkes-Barre,PA,40780,7,17,1
Wilkinsburg,PA,15731,7,13,4
Williamsburg,VA,15052,10,30,8
Williamsport,PA,29201,26,39,17
Williamstown,NJ,15567,1,3,0
Willimantic,CT,17737,4,23,0
Willingboro,NJ,31668,28,70,8
Williston,ND,26977,11,57,6
Willmar,MN,19638,2,4,0
Willoughby,OH,22631,2,4,1
Willow Grove,PA,15726,2,2,0
Willowbrook,CA,35983,2,1,1
Wilmette,IL,27413,0,2,0
Wilmington,DE,71948,549,815,120
Wilmington,MA,22325,0,1,0
Wilmington,NC,115933,195,447,55
Wilson,NC,49643,6,23,17
Wilsonville,OR,22729,0,3,0
Wilton,CT,18062,0,1,0
Winchester,KY,18446,10,12,6
Winchester,VA,27284,3,10,3
Winder,GA,15447,3,43,4
Windham,CT,23072,1,1,0
Windsor,CA,27464,3,3,1
Windsor,CO,21751,0,1,1
Windsor,CT,28778,1,4,0
Winona,MN,27094,5,20,7
Winston-Salem,NC,241218,36,110,14
Winter Garden,FL,40356,11,16,4
Winter Haven,FL,37689,23,50,13
Winter Park,FL,29943,14,27,7
Winter Springs,FL,34789,3,7,3
Winthrop,MA,17618,1,1,0
Wisconsin Rapids,WI,17897,5,40,5
Woburn,MA,39555,0,3,0
Wolcott,CT,16639,0,2,0
Woodbridge,NJ,19265,4,6,0
Woodburn,OR,25173,5,14,3
Woodbury,MN,67855,1,2,2
Woodhaven,NY,36555,0,1,1
Woodland,CA,58567,1,10,7
Woodland Hills,CA,70000,3,7,1
Woodlawn,MD,37879,4,3,1
Woodlawn,VA,20804,0,2,2
Woodridge,IL,33370,2,4,2
Woodside,NY,41981,1,1,0
Woodstock,GA,29898,7,14,4
Woodstock,IL,25189,3,8,1
Woonsocket,RI,41475,12,26,0
Wooster,OH,26749,1,3,0
Worcester,MA,184815,132,381,16
Wyandotte,MI,25156,1,9,0
Wyckoff,NJ,17124,0,3,0
Wylie,TX,46708,1,2,2
Wyoming,MI,75275,17,43,12
Xenia,OH,25976,12,17,4
Yakima,WA,93701,55,111,38
Yarmouth,MA,25243,0,2,0
Yonkers,NY,201116,44,66,15
Yorba Linda,CA,67973,3,3,1
York,PA,43992,170,280,58
Yorkville,IL,18451,0,5,1
Youngstown,OH,64628,101,304,61
Ypsilanti,MI,19945,57,167,20
Yuba City,CA,66941,5,15,7
Yucaipa,CA,53328,1,7,0
Yucca Valley,CA,21600,3,12,0
Yukon,OK,25892,1,7,0
Yuma,AZ,94139,21,42,15
Zachary,LA,16448,7,15,7
Zanesville,OH,25498,17,26,5
Zion,IL,24117,12,18,5
Zionsville,IN,26296,2,6,5
